trip_id,stop_sequence,stop_id,arrival_time,departure_time,stop_headsign,pickup_type,drop_off_type,continuous_pickup,continuous_drop_off,shape_dist_traveled,timepoint
607,0,1,14:05:00,14:05:00,,,,,,0,1
607,1,86,14:07:00,14:07:00,,,,,,0.749,1
607,2,87,14:10:00,14:10:00,,,,,,1.166,1
607,3,59,14:15:00,14:15:00,,,,,,7.511,1
607,4,88,14:15:04,14:15:04,,,,,,7.666,1
607,5,89,14:16:04,14:16:04,,,,,,8.347,1
607,6,90,14:20:04,14:20:04,,,,,,13.037,1
607,7,53,14:21:04,14:21:04,,,,,,14.062,1
607,8,293,14:40:04,14:40:04,,,,,,19.319,1
607,9,61,14:50:04,14:50:04,,,,,,22.001,1
607,10,294,14:52:42,14:52:42,,,,,,28.773,1
607,11,295,14:55:42,14:55:42,,,,,,37.014,1
607,12,62,15:02:42,15:02:42,,,,,,38.319,1
607,13,296,15:04:43,15:04:43,,,,,,44.984,1
607,14,63,15:10:43,15:10:43,,,,,,55.797,1
607,15,46,15:19:43,15:19:43,,,,,,68.284,1
608,0,297,20:26:00,20:26:00,,,,,,24.666,1
608,1,49,20:35:00,20:35:00,,,,,,35.715,1
608,2,301,20:42:46,20:42:46,,,,,,46.593,0
608,3,50,20:45:00,20:45:00,,,,,,49.708,1
608,4,302,20:50:00,20:50:00,,,,,,54.473,1
608,5,303,20:52:56,20:52:56,,,,,,62.852,1
608,6,51,21:05:56,21:05:56,,,,,,69.517,1
608,7,329,21:15:56,21:15:56,,,,,,72.15,1
608,8,53,21:20:56,21:20:56,,,,,,77.734,1
608,9,54,21:21:56,21:21:56,,,,,,78.498,1
608,10,55,21:30:56,21:30:56,,,,,,83.155,1
608,11,56,21:31:56,21:31:56,,,,,,83.842,1
608,12,57,21:40:56,21:40:56,,,,,,90.177,1
608,13,1,21:45:56,21:45:56,,,,,,91.499,1
419,0,83,05:30:00,05:30:00,,,,,,0,1
419,1,413,05:39:00,05:39:00,,,,,,4.274,1
419,2,426,05:40:00,05:40:00,,,,,,4.872,1
419,3,132,05:54:00,05:54:00,,,,,,15.441,1
419,4,85,06:14:00,06:14:00,,,,,,29.532,1
419,5,67,06:38:00,06:38:00,,,,,,51.569,1
419,6,68,06:41:00,06:41:00,,,,,,52.786,1
419,7,116,06:51:00,06:51:00,,,,,,64.702,1
419,8,298,07:08:00,07:08:00,,,,,,89.786,1
419,9,36,07:11:00,07:11:00,,,,,,94.12,1
419,10,74,,,,,,,,95.649,0
419,11,75,,,,,,,,98.958,0
419,12,76,,,,,,,,99.793,0
419,13,45,,,,,,,,101.904,0
419,14,46,07:33:00,07:33:00,,,,,,116.316,1
419,15,47,07:39:00,07:39:00,,,,,,116.813,1
419,16,297,07:40:00,07:40:00,,,,,,117.4,1
419,17,49,07:55:00,07:55:00,,,,,,128.489,1
419,18,301,08:10:00,08:10:00,,,,,,139.419,1
419,19,50,08:12:00,08:12:00,,,,,,142.45,1
419,20,302,08:15:00,08:15:00,,,,,,147.258,1
419,21,303,08:20:00,08:20:00,,,,,,155.606,1
419,22,51,08:30:00,08:30:00,,,,,,162.319,1
419,23,329,08:33:00,08:33:00,,,,,,164.941,1
419,24,52,08:35:00,08:35:00,,,,,,165.647,1
419,25,53,08:37:00,08:37:00,,,,,,172.576,1
419,26,54,08:40:00,08:40:00,,,,,,173.33,1
419,27,55,08:50:00,08:50:00,,,,,,177.995,1
419,28,56,08:51:00,08:51:00,,,,,,178.676,1
419,29,57,08:56:00,08:56:00,,,,,,185.086,1
419,30,58,09:00:00,09:00:00,,,,,,187.361,1
419,31,1,09:01:00,09:01:00,,,,,,187.689,1
76,0,132,06:55:00,06:55:00,,,,,,0.231,1
76,1,115,07:00:00,07:00:00,,,,,,3.933,1
76,2,83,07:10:00,07:10:00,,,,,,14.921,1
79,0,83,07:10:00,07:10:00,,,,,,0,1
79,1,132,07:30:00,07:30:00,,,,,,13.779,1
78,0,132,22:20:00,22:20:00,,,,,,0.231,1
78,1,83,22:35:00,22:35:00,,,,,,14.921,1
81,0,83,22:35:00,22:35:00,,,,,,0,1
81,1,132,23:00:00,23:00:00,,,,,,13.779,1
77,0,96,06:15:00,06:15:00,,,,,,0,1
77,1,97,06:20:00,06:20:00,,,,,,3.491,1
77,2,330,06:28:00,06:28:00,,,,,,13.873,0
77,3,101,06:40:00,06:40:00,,,,,,32.205,1
77,4,102,06:55:00,06:55:00,,,,,,47.373,1
77,5,43,07:00:00,07:00:00,,,,,,50.033,1
77,6,44,07:01:00,07:01:00,,,,,,50.491,1
77,7,36,07:05:00,07:05:00,,,,,,51.444,1
77,8,79,07:25:00,07:25:00,,,,,,71.354,1
77,9,78,07:35:00,07:35:00,,,,,,74.946,1
77,10,69,07:50:00,07:50:00,,,,,,88.622,1
77,11,70,07:55:00,07:55:00,,,,,,90.273,1
77,12,332,08:00:00,08:00:00,,,,,,92.214,1
77,13,94,08:10:00,08:10:00,,,,,,98.087,1
77,14,104,08:20:00,08:20:00,,,,,,108.445,1
77,15,93,08:21:00,08:21:00,,,,,,110.454,1
77,16,67,08:31:00,08:31:00,,,,,,122.346,1
77,17,68,08:34:00,08:34:00,,,,,,123.548,1
77,18,85,08:50:00,08:50:00,,,,,,147.147,1
77,19,132,09:10:00,09:10:00,,,,,,164.049,1
77,20,115,09:15:00,09:15:00,,,,,,167.686,1
77,21,83,09:25:00,09:25:00,,,,,,176.523,1
80,0,83,14:45:00,14:45:00,,,,,,0,1
80,1,115,14:50:00,14:50:00,,,,,,12.625,1
80,2,132,15:05:00,15:05:00,,,,,,16.804,1
80,3,85,15:20:00,15:20:00,,,,,,30.879,1
80,4,67,15:45:00,15:45:00,,,,,,54.991,1
80,5,68,15:50:00,15:50:00,,,,,,56.197,1
80,6,119,15:55:00,15:55:00,,,,,,59.898,1
80,7,104,16:05:00,16:05:00,,,,,,70.279,1
80,8,116,16:06:00,16:06:00,,,,,,72.143,1
80,9,36,16:56:00,16:56:00,,,,,,100.814,1
80,10,37,16:59:00,16:59:00,,,,,,101.506,1
80,11,118,17:17:00,17:17:00,,,,,,104.463,1
80,12,98,17:22:32,17:22:32,,,,,,119.841,1
80,13,99,17:42:32,17:42:32,,,,,,148.455,1
80,14,100,17:57:32,17:57:32,,,,,,151.886,1
89,0,83,09:25:00,09:25:00,,,,,,0,1
89,1,132,09:35:00,09:35:00,,,,,,13.788,1
89,2,85,09:50:00,09:50:00,,,,,,27.864,1
89,3,67,10:15:00,10:15:00,,,,,,51.98,1
89,4,68,10:20:00,10:20:00,,,,,,53.185,1
455,0,132,06:55:00,06:55:00,,,,,,0.231,1
455,1,115,07:00:00,07:00:00,,,,,,3.933,1
455,2,83,07:10:00,07:10:00,,,,,,14.921,1
456,0,83,07:10:00,07:10:00,,,,,,0,1
456,1,132,07:30:00,07:30:00,,,,,,13.779,1
528,0,132,22:20:00,22:20:00,,,,,,0.231,1
528,1,83,22:35:00,22:35:00,,,,,,14.921,1
605,0,83,22:45:00,22:45:00,,,,,,0,1
605,1,132,23:00:00,23:00:00,,,,,,13.779,1
82,0,83,05:45:00,05:45:00,,,,,,0,1
82,1,426,05:57:00,05:57:00,,,,,,6.064,1
82,2,72,06:08:00,06:08:00,,,,,,14.414,1
82,3,104,06:50:00,06:50:00,,,,,,62.21,1
82,4,93,06:51:00,06:51:00,,,,,,64.024,1
82,5,94,07:01:00,07:01:00,,,,,,72.768,1
82,6,44,07:48:00,07:48:00,,,,,,101.535,1
82,7,36,07:49:00,07:49:00,,,,,,102.482,1
82,8,74,07:50:09,07:50:09,,,,,,103.995,0
82,9,75,07:52:39,07:52:39,,,,,,107.295,0
82,10,76,07:53:18,07:53:18,,,,,,108.13,0
82,11,45,07:54:54,07:54:54,,,,,,110.243,0
82,12,46,08:05:50,08:05:50,,,,,,124.634,1
83,0,83,06:45:00,06:45:00,,,,,,0,1
83,1,426,06:57:00,06:57:00,,,,,,6.064,1
83,2,72,07:08:00,07:08:00,,,,,,14.414,1
83,3,104,07:50:00,07:50:00,,,,,,62.21,1
83,4,93,07:51:00,07:51:00,,,,,,64.024,1
83,5,94,08:01:00,08:01:00,,,,,,72.768,1
83,6,44,08:48:00,08:48:00,,,,,,101.535,1
83,7,36,08:49:00,08:49:00,,,,,,102.482,1
83,8,74,08:50:22,08:50:22,,,,,,103.995,0
83,9,75,08:53:21,08:53:21,,,,,,107.295,0
83,10,76,08:54:06,08:54:06,,,,,,108.13,0
83,11,45,08:56:00,08:56:00,,,,,,110.243,0
83,12,46,09:09:00,09:09:00,,,,,,124.634,1
83,13,47,09:10:00,09:10:00,,,,,,125.133,1
83,14,297,09:11:00,09:11:00,,,,,,125.761,1
84,0,83,18:00:00,18:00:00,,,,,,0,1
84,1,426,18:12:00,18:12:00,,,,,,6.064,1
84,2,72,18:23:00,18:23:00,,,,,,14.414,1
84,3,104,19:05:00,19:05:00,,,,,,62.21,1
84,4,93,19:06:00,19:06:00,,,,,,64.024,1
84,5,94,19:16:00,19:16:00,,,,,,72.768,1
84,6,44,20:03:00,20:03:00,,,,,,101.535,1
84,7,36,20:04:00,20:04:00,,,,,,102.482,1
84,8,74,20:05:22,20:05:22,,,,,,103.995,0
84,9,75,20:08:21,20:08:21,,,,,,107.295,0
84,10,76,20:09:06,20:09:06,,,,,,108.13,0
84,11,45,20:11:00,20:11:00,,,,,,110.243,0
84,12,46,20:24:00,20:24:00,,,,,,124.634,1
84,13,47,20:25:00,20:25:00,,,,,,125.133,1
84,14,297,20:26:00,20:26:00,,,,,,125.761,1
85,0,46,06:30:00,06:30:00,,,,,,0.028,1
85,1,47,06:31:00,06:31:00,,,,,,0.526,1
85,2,297,06:32:00,06:32:00,,,,,,1.155,1
85,3,33,06:45:25,06:45:25,,,,,,18.952,0
85,4,64,06:47:03,06:47:03,,,,,,21.104,0
85,5,65,06:47:40,06:47:40,,,,,,21.921,0
85,6,66,06:50:25,06:50:25,,,,,,25.579,0
85,7,36,06:52:00,06:52:00,,,,,,27.67,1
85,8,37,06:53:00,06:53:00,,,,,,28.362,1
85,9,119,07:38:00,07:38:00,,,,,,57.119,1
85,10,104,07:48:00,07:48:00,,,,,,67.5,1
85,11,116,07:49:00,07:49:00,,,,,,69.364,1
85,12,283,08:31:00,08:31:00,,,,,,115.353,1
85,13,144,08:41:00,08:41:00,,,,,,123.988,1
85,14,115,08:51:00,08:51:00,,,,,,133.627,1
85,15,83,09:01:00,09:01:00,,,,,,144.62,1
86,0,46,08:09:00,08:09:00,,,,,,0.028,1
86,1,47,08:10:00,08:10:00,,,,,,0.526,1
86,2,297,08:11:00,08:11:00,,,,,,1.155,1
86,3,33,08:24:25,08:24:25,,,,,,18.952,0
86,4,64,08:26:03,08:26:03,,,,,,21.104,0
86,5,65,08:26:40,08:26:40,,,,,,21.921,0
86,6,66,08:29:25,08:29:25,,,,,,25.579,0
86,7,36,08:31:00,08:31:00,,,,,,27.67,1
86,8,37,08:32:00,08:32:00,,,,,,28.362,1
86,9,119,09:17:00,09:17:00,,,,,,57.119,1
86,10,104,09:27:00,09:27:00,,,,,,67.5,1
86,11,116,09:28:00,09:28:00,,,,,,69.364,1
86,12,283,10:10:00,10:10:00,,,,,,115.353,1
86,13,144,10:20:00,10:20:00,,,,,,123.988,1
86,14,115,10:30:00,10:30:00,,,,,,133.627,1
86,15,83,10:40:00,10:40:00,,,,,,144.62,1
87,0,46,15:19:00,15:19:00,,,,,,0.028,1
87,1,47,15:20:00,15:20:00,,,,,,0.526,1
87,2,297,15:21:00,15:21:00,,,,,,1.155,1
87,3,33,15:34:25,15:34:25,,,,,,18.952,0
87,4,64,15:36:03,15:36:03,,,,,,21.104,0
87,5,65,15:36:40,15:36:40,,,,,,21.921,0
87,6,66,15:39:25,15:39:25,,,,,,25.579,0
87,7,36,15:41:00,15:41:00,,,,,,27.67,1
87,8,37,15:42:00,15:42:00,,,,,,28.362,1
87,9,119,16:27:00,16:27:00,,,,,,57.119,1
87,10,104,16:37:00,16:37:00,,,,,,67.5,1
87,11,116,16:38:00,16:38:00,,,,,,69.364,1
87,12,283,17:20:00,17:20:00,,,,,,115.353,1
87,13,144,17:30:00,17:30:00,,,,,,123.988,1
87,14,115,17:40:00,17:40:00,,,,,,133.627,1
87,15,83,17:50:00,17:50:00,,,,,,144.62,1
523,0,83,06:45:00,06:45:00,,,,,,0,1
523,1,426,06:57:00,06:57:00,,,,,,6.064,1
523,2,72,07:08:00,07:08:00,,,,,,14.414,1
523,3,104,07:50:00,07:50:00,,,,,,62.21,1
523,4,93,07:51:00,07:51:00,,,,,,64.024,1
523,5,94,08:01:00,08:01:00,,,,,,72.768,1
523,6,44,08:48:00,08:48:00,,,,,,101.535,1
523,7,36,08:49:00,08:49:00,,,,,,102.482,1
523,8,74,08:50:22,08:50:22,,,,,,103.995,0
523,9,75,08:53:21,08:53:21,,,,,,107.295,0
523,10,76,08:54:06,08:54:06,,,,,,108.13,0
523,11,45,08:56:00,08:56:00,,,,,,110.243,0
523,12,46,09:09:00,09:09:00,,,,,,124.634,1
523,13,47,09:10:00,09:10:00,,,,,,125.133,1
523,14,297,09:11:00,09:11:00,,,,,,125.761,1
120,0,120,03:30:00,03:30:00,,,,,,0,1
120,1,121,03:40:00,03:40:00,,,,,,9.847,1
120,2,319,03:45:00,03:45:00,,,,,,17.868,1
120,3,122,03:50:00,03:50:00,,,,,,22.624,1
120,4,320,03:52:01,03:52:01,,,,,,23.401,1
120,5,123,03:59:00,03:59:00,,,,,,26.086,1
120,6,124,04:14:00,04:14:00,,,,,,44.841,1
120,7,333,04:44:00,04:44:00,,,,,,82.857,1
120,8,334,04:45:43,04:45:43,,,,,,87.291,1
120,9,335,04:45:49,04:45:49,,,,,,87.531,1
120,10,126,04:47:19,04:47:19,,,,,,91.414,1
120,11,127,04:52:19,04:52:19,,,,,,97.095,1
120,12,128,04:54:19,04:54:19,,,,,,99.494,1
120,13,129,04:55:19,04:55:19,,,,,,100.598,1
120,14,130,04:58:19,04:58:19,,,,,,103.672,1
120,15,110,05:06:19,05:06:19,,,,,,112.553,1
120,16,83,05:26:19,05:26:19,,,,,,124.958,1
120,17,437,05:36:19,05:36:19,,,,,,142.232,1
120,18,132,05:41:19,05:41:19,,,,,,144.817,1
120,19,85,05:56:19,05:56:19,,,,,,158.892,1
120,20,67,06:16:19,06:16:19,,,,,,183.01,1
120,21,68,06:21:19,06:21:19,,,,,,184.215,1
120,22,331,06:31:19,06:31:19,,,,,,190.929,1
120,23,69,06:34:06,06:34:06,,,,,,192.901,0
120,24,70,06:36:19,06:36:19,,,,,,194.464,1
120,25,332,06:41:19,06:41:19,,,,,,196.332,1
120,26,78,06:51:19,06:51:19,,,,,,207.64,1
120,27,79,06:56:19,06:56:19,,,,,,211.183,1
123,0,79,07:15:00,07:15:00,,,,,,0,1
123,1,78,07:20:00,07:20:00,,,,,,3.817,1
123,2,331,07:28:00,07:28:00,,,,,,15.354,1
123,3,69,07:30:00,07:30:00,,,,,,17.327,1
123,4,70,07:35:00,07:35:00,,,,,,18.89,1
123,5,332,07:50:00,07:50:00,,,,,,20.758,1
123,6,67,07:55:00,07:55:00,,,,,,29.457,1
123,7,68,07:57:00,07:57:00,,,,,,30.663,1
123,8,85,08:15:00,08:15:00,,,,,,51.587,1
123,9,132,08:30:00,08:30:00,,,,,,65.776,1
123,10,418,08:35:00,08:35:00,,,,,,69.479,1
123,11,115,08:36:00,08:36:00,,,,,,70.936,1
123,12,144,08:44:00,08:44:00,,,,,,80.376,1
123,13,83,08:52:00,08:52:00,,,,,,84.995,1
123,14,110,09:12:00,09:12:00,,,,,,97.12,1
123,15,133,09:20:00,09:20:00,,,,,,105.783,1
123,16,336,09:20:27,09:20:27,,,,,,106.86,1
123,17,134,09:21:10,09:21:10,,,,,,108.696,1
123,18,135,09:25:40,09:25:40,,,,,,108.822,1
123,19,136,09:27:40,09:27:40,,,,,,109.857,1
123,20,137,09:32:40,09:32:40,,,,,,112.416,1
123,21,337,09:36:07,09:36:07,,,,,,121.926,1
123,22,138,09:41:07,09:41:07,,,,,,124.274,1
123,23,338,09:42:33,09:42:33,,,,,,126.581,1
123,24,124,10:06:07,10:06:07,,,,,,164.558,1
123,25,139,10:21:07,10:21:07,,,,,,183.378,1
123,26,140,10:30:07,10:30:07,,,,,,186.792,1
123,27,312,10:33:45,10:33:45,,,,,,191.615,1
123,28,141,10:40:07,10:40:07,,,,,,200.081,1
123,29,120,10:50:07,10:50:07,,,,,,209.085,1
121,0,120,05:40:00,05:40:00,,,,,,0,1
121,1,121,05:50:00,05:50:00,,,,,,9.847,1
121,2,319,05:55:00,05:55:00,,,,,,17.868,1
121,3,122,06:00:00,06:00:00,,,,,,22.624,1
121,4,320,06:02:01,06:02:01,,,,,,23.401,1
121,5,123,06:09:00,06:09:00,,,,,,26.086,1
121,6,124,06:24:00,06:24:00,,,,,,44.841,1
121,7,333,06:54:00,06:54:00,,,,,,82.857,1
121,8,334,06:55:43,06:55:43,,,,,,87.291,1
121,9,335,06:55:49,06:55:49,,,,,,87.531,1
121,10,126,06:57:19,06:57:19,,,,,,91.414,1
121,11,127,07:02:19,07:02:19,,,,,,97.095,1
121,12,128,07:04:19,07:04:19,,,,,,99.494,1
121,13,129,07:05:19,07:05:19,,,,,,100.598,1
121,14,359,07:07:08,07:07:08,,,,,,102.451,1
121,15,130,07:08:19,07:08:19,,,,,,103.672,1
121,16,110,07:16:19,07:16:19,,,,,,112.553,1
121,17,83,07:36:19,07:36:19,,,,,,124.958,1
121,18,144,07:44:19,07:44:19,,,,,,131.143,1
121,19,115,07:52:19,07:52:19,,,,,,140.634,1
121,20,437,07:53:19,07:53:19,,,,,,142.232,1
121,21,132,07:57:19,07:57:19,,,,,,144.817,1
121,22,85,08:12:19,08:12:19,,,,,,158.892,1
121,23,67,08:32:19,08:32:19,,,,,,183.01,1
121,24,68,08:37:19,08:37:19,,,,,,184.215,1
121,25,331,08:48:55,08:48:55,,,,,,190.929,1
121,26,69,08:52:19,08:52:19,,,,,,192.901,1
121,27,70,09:17:19,09:17:19,,,,,,194.464,1
121,28,332,09:22:19,09:22:19,,,,,,196.332,1
121,29,78,09:27:19,09:27:19,,,,,,207.64,1
121,30,79,09:32:19,09:32:19,,,,,,211.183,1
530,0,79,13:15:00,13:15:00,,,,,,0,1
530,1,78,13:20:00,13:20:00,,,,,,3.817,1
530,2,331,13:28:00,13:28:00,,,,,,15.354,1
530,3,69,13:30:00,13:30:00,,,,,,17.327,1
530,4,70,13:35:00,13:35:00,,,,,,18.89,1
530,5,332,13:50:00,13:50:00,,,,,,20.758,1
530,6,67,13:55:00,13:55:00,,,,,,29.457,1
530,7,68,13:57:00,13:57:00,,,,,,30.663,1
530,8,85,14:15:00,14:15:00,,,,,,51.587,1
530,9,132,14:30:00,14:30:00,,,,,,65.776,1
530,10,418,14:35:00,14:35:00,,,,,,69.479,1
530,11,115,14:36:00,14:36:00,,,,,,70.936,1
530,12,144,14:44:00,14:44:00,,,,,,80.376,1
530,13,83,14:52:00,14:52:00,,,,,,84.995,1
530,14,110,15:12:00,15:12:00,,,,,,97.12,1
530,15,133,15:20:00,15:20:00,,,,,,105.783,1
530,16,336,15:21:46,15:21:46,,,,,,106.86,0
530,17,134,15:24:47,15:24:47,,,,,,108.696,0
530,18,135,15:25:00,15:25:00,,,,,,108.822,1
530,19,136,15:27:00,15:27:00,,,,,,109.857,1
530,20,137,15:32:00,15:32:00,,,,,,112.416,1
530,21,337,15:35:27,15:35:27,,,,,,121.926,1
530,22,138,15:40:27,15:40:27,,,,,,124.274,1
530,23,338,15:41:53,15:41:53,,,,,,126.581,1
530,24,124,16:05:27,16:05:27,,,,,,164.558,1
530,25,139,16:20:27,16:20:27,,,,,,183.378,1
530,26,140,16:29:27,16:29:27,,,,,,186.792,1
530,27,312,16:33:05,16:33:05,,,,,,191.615,1
530,28,141,16:39:27,16:39:27,,,,,,200.081,1
530,29,120,16:49:27,16:49:27,,,,,,209.085,1
122,0,120,08:00:00,08:00:00,,,,,,0,1
122,1,121,08:10:00,08:10:00,,,,,,9.847,1
122,2,319,08:15:00,08:15:00,,,,,,17.868,1
122,3,122,08:20:00,08:20:00,,,,,,22.624,1
122,4,320,08:22:01,08:22:01,,,,,,23.401,1
122,5,123,08:29:00,08:29:00,,,,,,26.086,1
122,6,124,08:44:00,08:44:00,,,,,,44.841,1
122,7,333,09:14:00,09:14:00,,,,,,82.857,1
122,8,334,09:15:43,09:15:43,,,,,,87.291,1
122,9,335,09:15:49,09:15:49,,,,,,87.531,1
122,10,126,09:17:19,09:17:19,,,,,,91.414,1
122,11,127,09:22:19,09:22:19,,,,,,97.095,1
122,12,128,09:24:19,09:24:19,,,,,,99.494,1
122,13,129,09:25:19,09:25:19,,,,,,100.598,1
122,14,359,09:27:08,09:27:08,,,,,,102.451,1
122,15,130,09:28:19,09:28:19,,,,,,103.672,1
122,16,110,09:36:19,09:36:19,,,,,,112.553,1
122,17,83,09:56:19,09:56:19,,,,,,124.958,1
122,18,144,10:04:19,10:04:19,,,,,,131.143,1
122,19,115,10:12:19,10:12:19,,,,,,140.634,1
122,20,437,10:13:19,10:13:19,,,,,,142.232,1
122,21,132,10:17:19,10:17:19,,,,,,144.817,1
122,22,85,10:32:19,10:32:19,,,,,,158.892,1
122,23,67,10:52:19,10:52:19,,,,,,183.01,1
122,24,68,10:57:19,10:57:19,,,,,,184.215,1
122,25,331,11:08:55,11:08:55,,,,,,190.929,1
122,26,69,11:12:19,11:12:19,,,,,,192.901,1
122,27,70,11:37:19,11:37:19,,,,,,194.464,1
122,28,332,11:42:19,11:42:19,,,,,,196.332,1
122,29,78,11:47:19,11:47:19,,,,,,207.64,1
122,30,79,11:52:19,11:52:19,,,,,,211.183,1
124,0,79,15:00:00,15:00:00,,,,,,0,1
124,1,78,15:05:00,15:05:00,,,,,,3.817,1
124,2,331,15:13:00,15:13:00,,,,,,15.354,1
124,3,69,15:15:00,15:15:00,,,,,,17.327,1
124,4,70,15:20:00,15:20:00,,,,,,18.89,1
124,5,332,15:35:00,15:35:00,,,,,,20.758,1
124,6,67,15:40:00,15:40:00,,,,,,29.457,1
124,7,68,15:42:00,15:42:00,,,,,,30.663,1
124,8,85,16:00:00,16:00:00,,,,,,51.587,1
124,9,132,16:15:00,16:15:00,,,,,,65.776,1
124,10,418,16:20:00,16:20:00,,,,,,69.479,1
124,11,115,16:21:00,16:21:00,,,,,,70.936,1
124,12,144,16:29:00,16:29:00,,,,,,80.376,1
124,13,83,16:37:00,16:37:00,,,,,,84.995,1
124,14,110,16:57:00,16:57:00,,,,,,97.12,1
124,15,133,17:05:00,17:05:00,,,,,,105.783,1
124,16,336,17:05:27,17:05:27,,,,,,106.86,1
124,17,134,17:06:10,17:06:10,,,,,,108.696,1
124,18,135,17:10:40,17:10:40,,,,,,108.822,1
124,19,136,17:12:40,17:12:40,,,,,,109.857,1
124,20,137,17:17:40,17:17:40,,,,,,112.416,1
124,21,337,17:21:07,17:21:07,,,,,,121.926,1
124,22,138,17:26:07,17:26:07,,,,,,124.274,1
124,23,338,17:27:33,17:27:33,,,,,,126.581,1
124,24,124,17:51:07,17:51:07,,,,,,164.558,1
124,25,139,18:06:07,18:06:07,,,,,,183.378,1
124,26,140,18:15:07,18:15:07,,,,,,186.792,1
124,27,312,18:18:45,18:18:45,,,,,,191.615,1
124,28,141,18:25:07,18:25:07,,,,,,200.081,1
124,29,120,18:35:07,18:35:07,,,,,,209.085,1
529,0,120,12:30:00,12:30:00,,,,,,0,1
529,1,121,12:40:00,12:40:00,,,,,,9.847,1
529,2,319,12:45:00,12:45:00,,,,,,17.868,1
529,3,122,12:50:00,12:50:00,,,,,,22.624,1
529,4,320,12:52:01,12:52:01,,,,,,23.401,1
529,5,123,12:59:00,12:59:00,,,,,,26.086,1
529,6,124,13:40:00,13:40:00,,,,,,44.841,1
529,7,333,14:10:00,14:10:00,,,,,,82.857,1
529,8,334,14:11:43,14:11:43,,,,,,87.291,1
529,9,335,14:11:49,14:11:49,,,,,,87.531,1
529,10,126,14:13:19,14:13:19,,,,,,91.414,1
529,11,127,14:18:19,14:18:19,,,,,,97.095,1
529,12,128,14:20:19,14:20:19,,,,,,99.494,1
529,13,129,14:21:19,14:21:19,,,,,,100.598,1
529,14,359,14:23:08,14:23:08,,,,,,102.451,1
529,15,130,14:24:19,14:24:19,,,,,,103.672,1
529,16,110,14:32:19,14:32:19,,,,,,112.553,1
529,17,83,14:52:19,14:52:19,,,,,,124.958,1
529,18,144,15:00:19,15:00:19,,,,,,131.143,1
529,19,115,15:08:19,15:08:19,,,,,,140.634,1
529,20,437,15:09:19,15:09:19,,,,,,142.232,1
529,21,132,15:13:19,15:13:19,,,,,,144.817,1
529,22,85,15:28:19,15:28:19,,,,,,158.892,1
529,23,67,15:48:19,15:48:19,,,,,,183.01,1
529,24,68,15:53:19,15:53:19,,,,,,184.215,1
529,25,331,16:04:55,16:04:55,,,,,,190.929,1
529,26,69,16:08:19,16:08:19,,,,,,192.901,1
529,27,70,16:33:19,16:33:19,,,,,,194.464,1
529,28,332,16:38:19,16:38:19,,,,,,196.332,1
529,29,78,16:43:19,16:43:19,,,,,,207.64,1
529,30,79,16:48:19,16:48:19,,,,,,211.183,1
125,0,79,17:00:00,17:00:00,,,,,,0,1
125,1,78,17:05:00,17:05:00,,,,,,3.817,1
125,2,331,17:13:00,17:13:00,,,,,,15.354,1
125,3,69,17:15:00,17:15:00,,,,,,17.327,1
125,4,70,17:20:00,17:20:00,,,,,,18.89,1
125,5,332,17:35:00,17:35:00,,,,,,20.758,1
125,6,67,17:40:00,17:40:00,,,,,,29.457,1
125,7,68,17:42:00,17:42:00,,,,,,30.663,1
125,8,85,18:00:00,18:00:00,,,,,,51.587,1
125,9,132,18:15:00,18:15:00,,,,,,65.776,1
125,10,418,18:20:00,18:20:00,,,,,,69.479,1
125,11,115,18:21:00,18:21:00,,,,,,70.936,1
125,12,144,18:29:00,18:29:00,,,,,,80.376,1
125,13,83,18:37:00,18:37:00,,,,,,84.995,1
125,14,110,18:57:00,18:57:00,,,,,,97.12,1
125,15,133,19:05:00,19:05:00,,,,,,105.783,1
125,16,336,19:05:27,19:05:27,,,,,,106.86,1
125,17,134,19:06:10,19:06:10,,,,,,108.696,1
125,18,135,19:10:40,19:10:40,,,,,,108.822,1
125,19,136,19:12:40,19:12:40,,,,,,109.857,1
125,20,137,19:17:40,19:17:40,,,,,,112.416,1
125,21,337,19:21:07,19:21:07,,,,,,121.926,1
125,22,138,19:26:07,19:26:07,,,,,,124.274,1
125,23,338,19:27:33,19:27:33,,,,,,126.581,1
125,24,124,19:51:07,19:51:07,,,,,,164.558,1
125,25,139,20:06:07,20:06:07,,,,,,183.378,1
125,26,140,20:15:07,20:15:07,,,,,,186.792,1
125,27,312,20:18:45,20:18:45,,,,,,191.615,1
125,28,141,20:25:07,20:25:07,,,,,,200.081,1
125,29,120,20:35:07,20:35:07,,,,,,209.085,1
394,0,83,06:00:00,06:00:00,,,,,,0,1
394,1,348,06:05:00,06:05:00,,,,,,1.136,1
394,2,349,06:10:00,06:10:00,,,,,,2.869,1
394,3,80,06:12:00,06:12:00,,,,,,3.511,1
394,4,255,06:13:00,06:13:00,,,,,,3.742,1
394,5,82,06:14:00,06:14:00,,,,,,4.096,1
394,6,106,06:15:00,06:15:00,,,,,,4.604,1
394,7,256,06:16:00,06:16:00,,,,,,4.865,1
394,8,107,06:16:10,06:16:10,,,,,,5.261,1
394,9,257,06:17:10,06:17:10,,,,,,5.53,1
394,10,108,06:18:10,06:18:10,,,,,,6.144,1
394,11,258,06:19:10,06:19:10,,,,,,6.681,1
394,12,350,06:19:18,06:19:18,,,,,,7.016,1
394,13,260,06:20:18,06:20:18,,,,,,7.71,1
394,14,261,06:21:18,06:21:18,,,,,,7.917,1
394,15,351,06:22:18,06:22:18,,,,,,8.636,1
394,16,353,06:24:18,06:24:18,,,,,,8.831,1
394,17,352,06:25:18,06:25:18,,,,,,9.208,1
394,18,263,06:25:28,06:25:28,,,,,,9.61,1
394,19,264,06:28:28,06:28:28,,,,,,11.279,1
394,20,265,06:28:31,06:28:31,,,,,,11.393,1
394,21,266,06:28:36,06:28:36,,,,,,11.567,1
394,22,110,06:30:36,06:30:36,,,,,,12.776,1
395,0,110,06:32:00,06:32:00,,,,,,2.394,1
395,1,267,06:36:00,06:36:00,,,,,,3.631,1
395,2,268,06:36:36,06:36:36,,,,,,5.165,1
395,3,269,06:37:36,06:37:36,,,,,,5.446,1
395,4,270,06:38:36,06:38:36,,,,,,7.054,1
395,5,271,06:38:40,06:38:40,,,,,,7.205,1
395,6,259,06:42:40,06:42:40,,,,,,7.431,1
395,7,272,06:43:40,06:43:40,,,,,,8.369,1
395,8,273,06:45:40,06:45:40,,,,,,9.46,1
395,9,274,06:45:47,06:45:47,,,,,,9.755,1
395,10,275,06:46:47,06:46:47,,,,,,10.212,1
395,11,112,06:47:47,06:47:47,,,,,,10.441,1
395,12,113,06:48:47,06:48:47,,,,,,10.979,1
395,13,276,06:50:47,06:50:47,,,,,,11.564,1
395,14,354,06:52:47,06:52:47,,,,,,12.058,1
395,15,355,06:54:47,06:54:47,,,,,,13.758,1
395,16,83,06:55:47,06:55:47,,,,,,14.199,1
222,0,83,07:00:00,07:00:00,,,,,,0,1
222,1,348,07:05:00,07:05:00,,,,,,1.136,1
222,2,349,07:10:00,07:10:00,,,,,,2.869,1
222,3,80,07:12:00,07:12:00,,,,,,3.511,1
222,4,255,07:13:00,07:13:00,,,,,,3.742,1
222,5,82,07:14:00,07:14:00,,,,,,4.096,1
222,6,106,07:15:00,07:15:00,,,,,,4.604,1
222,7,256,07:16:00,07:16:00,,,,,,4.865,1
222,8,107,07:16:10,07:16:10,,,,,,5.261,1
222,9,257,07:17:10,07:17:10,,,,,,5.53,1
222,10,108,07:18:10,07:18:10,,,,,,6.144,1
222,11,258,07:19:10,07:19:10,,,,,,6.681,1
222,12,350,07:19:18,07:19:18,,,,,,7.016,1
222,13,260,07:20:18,07:20:18,,,,,,7.71,1
222,14,261,07:21:18,07:21:18,,,,,,7.917,1
222,15,351,07:22:18,07:22:18,,,,,,8.636,1
222,16,353,07:24:18,07:24:18,,,,,,8.831,1
222,17,352,07:25:18,07:25:18,,,,,,9.208,1
222,18,263,07:25:28,07:25:28,,,,,,9.61,1
222,19,264,07:28:28,07:28:28,,,,,,11.279,1
222,20,265,07:28:31,07:28:31,,,,,,11.393,1
222,21,266,07:28:36,07:28:36,,,,,,11.567,1
222,22,110,07:30:36,07:30:36,,,,,,12.776,1
236,0,110,07:32:00,07:32:00,,,,,,2.394,1
236,1,267,07:36:00,07:36:00,,,,,,3.631,1
236,2,268,07:36:36,07:36:36,,,,,,5.165,1
236,3,269,07:37:36,07:37:36,,,,,,5.446,1
236,4,270,07:38:36,07:38:36,,,,,,7.054,1
236,5,271,07:38:40,07:38:40,,,,,,7.205,1
236,6,259,07:42:40,07:42:40,,,,,,7.431,1
236,7,272,07:43:40,07:43:40,,,,,,8.369,1
236,8,273,07:45:40,07:45:40,,,,,,9.46,1
236,9,274,07:45:47,07:45:47,,,,,,9.755,1
236,10,275,07:46:47,07:46:47,,,,,,10.212,1
236,11,112,07:47:47,07:47:47,,,,,,10.441,1
236,12,113,07:48:47,07:48:47,,,,,,10.979,1
236,13,276,07:50:47,07:50:47,,,,,,11.564,1
236,14,354,07:52:47,07:52:47,,,,,,12.058,1
236,15,355,07:54:47,07:54:47,,,,,,13.758,1
236,16,83,07:55:47,07:55:47,,,,,,14.199,1
223,0,83,08:00:00,08:00:00,,,,,,0,1
223,1,348,08:05:00,08:05:00,,,,,,1.136,1
223,2,349,08:10:00,08:10:00,,,,,,2.869,1
223,3,80,08:12:00,08:12:00,,,,,,3.511,1
223,4,255,08:13:00,08:13:00,,,,,,3.742,1
223,5,82,08:14:00,08:14:00,,,,,,4.096,1
223,6,106,08:15:00,08:15:00,,,,,,4.604,1
223,7,256,08:16:00,08:16:00,,,,,,4.865,1
223,8,107,08:16:10,08:16:10,,,,,,5.261,1
223,9,257,08:17:10,08:17:10,,,,,,5.53,1
223,10,108,08:18:10,08:18:10,,,,,,6.144,1
223,11,258,08:19:10,08:19:10,,,,,,6.681,1
223,12,350,08:19:18,08:19:18,,,,,,7.016,1
223,13,260,08:20:18,08:20:18,,,,,,7.71,1
223,14,261,08:21:18,08:21:18,,,,,,7.917,1
223,15,351,08:22:18,08:22:18,,,,,,8.636,1
223,16,353,08:24:18,08:24:18,,,,,,8.831,1
223,17,352,08:25:18,08:25:18,,,,,,9.208,1
223,18,263,08:25:28,08:25:28,,,,,,9.61,1
223,19,264,08:28:28,08:28:28,,,,,,11.279,1
223,20,265,08:28:31,08:28:31,,,,,,11.393,1
223,21,266,08:28:36,08:28:36,,,,,,11.567,1
223,22,110,08:30:36,08:30:36,,,,,,12.776,1
237,0,110,08:32:00,08:32:00,,,,,,2.394,1
237,1,267,08:36:00,08:36:00,,,,,,3.631,1
237,2,268,08:36:36,08:36:36,,,,,,5.165,1
237,3,269,08:37:36,08:37:36,,,,,,5.446,1
237,4,270,08:38:36,08:38:36,,,,,,7.054,1
237,5,271,08:38:40,08:38:40,,,,,,7.205,1
237,6,259,08:42:40,08:42:40,,,,,,7.431,1
237,7,272,08:43:40,08:43:40,,,,,,8.369,1
237,8,273,08:45:40,08:45:40,,,,,,9.46,1
237,9,274,08:45:47,08:45:47,,,,,,9.755,1
237,10,275,08:46:47,08:46:47,,,,,,10.212,1
237,11,112,08:47:47,08:47:47,,,,,,10.441,1
237,12,113,08:48:47,08:48:47,,,,,,10.979,1
237,13,276,08:50:47,08:50:47,,,,,,11.564,1
237,14,354,08:52:47,08:52:47,,,,,,12.058,1
237,15,355,08:54:47,08:54:47,,,,,,13.758,1
237,16,83,08:55:47,08:55:47,,,,,,14.199,1
224,0,83,09:00:00,09:00:00,,,,,,0,1
224,1,348,09:05:00,09:05:00,,,,,,1.136,1
224,2,349,09:10:00,09:10:00,,,,,,2.869,1
224,3,80,09:12:00,09:12:00,,,,,,3.511,1
224,4,255,09:13:00,09:13:00,,,,,,3.742,1
224,5,82,09:14:00,09:14:00,,,,,,4.096,1
224,6,106,09:15:00,09:15:00,,,,,,4.604,1
224,7,256,09:16:00,09:16:00,,,,,,4.865,1
224,8,107,09:16:10,09:16:10,,,,,,5.261,1
224,9,257,09:17:10,09:17:10,,,,,,5.53,1
224,10,108,09:18:10,09:18:10,,,,,,6.144,1
224,11,258,09:19:10,09:19:10,,,,,,6.681,1
224,12,350,09:19:18,09:19:18,,,,,,7.016,1
224,13,260,09:20:18,09:20:18,,,,,,7.71,1
224,14,261,09:21:18,09:21:18,,,,,,7.917,1
224,15,351,09:22:18,09:22:18,,,,,,8.636,1
224,16,353,09:24:18,09:24:18,,,,,,8.831,1
224,17,352,09:25:18,09:25:18,,,,,,9.208,1
224,18,263,09:25:28,09:25:28,,,,,,9.61,1
224,19,264,09:28:28,09:28:28,,,,,,11.279,1
224,20,265,09:28:31,09:28:31,,,,,,11.393,1
224,21,266,09:28:36,09:28:36,,,,,,11.567,1
224,22,110,09:30:36,09:30:36,,,,,,12.776,1
238,0,110,09:32:00,09:32:00,,,,,,2.394,1
238,1,267,09:36:00,09:36:00,,,,,,3.631,1
238,2,268,09:36:36,09:36:36,,,,,,5.165,1
238,3,269,09:37:36,09:37:36,,,,,,5.446,1
238,4,270,09:38:36,09:38:36,,,,,,7.054,1
238,5,271,09:38:40,09:38:40,,,,,,7.205,1
238,6,259,09:42:40,09:42:40,,,,,,7.431,1
238,7,272,09:43:40,09:43:40,,,,,,8.369,1
238,8,273,09:45:40,09:45:40,,,,,,9.46,1
238,9,274,09:45:47,09:45:47,,,,,,9.755,1
238,10,275,09:46:47,09:46:47,,,,,,10.212,1
238,11,112,09:47:47,09:47:47,,,,,,10.441,1
238,12,113,09:48:47,09:48:47,,,,,,10.979,1
238,13,276,09:50:47,09:50:47,,,,,,11.564,1
238,14,354,09:52:47,09:52:47,,,,,,12.058,1
238,15,355,09:54:47,09:54:47,,,,,,13.758,1
238,16,83,09:55:47,09:55:47,,,,,,14.199,1
225,0,83,10:00:00,10:00:00,,,,,,0,1
225,1,348,10:05:00,10:05:00,,,,,,1.136,1
225,2,349,10:10:00,10:10:00,,,,,,2.869,1
225,3,80,10:12:00,10:12:00,,,,,,3.511,1
225,4,255,10:13:00,10:13:00,,,,,,3.742,1
225,5,82,10:14:00,10:14:00,,,,,,4.096,1
225,6,106,10:15:00,10:15:00,,,,,,4.604,1
225,7,256,10:16:00,10:16:00,,,,,,4.865,1
225,8,107,10:16:10,10:16:10,,,,,,5.261,1
225,9,257,10:17:10,10:17:10,,,,,,5.53,1
225,10,108,10:18:10,10:18:10,,,,,,6.144,1
225,11,258,10:19:10,10:19:10,,,,,,6.681,1
225,12,350,10:19:18,10:19:18,,,,,,7.016,1
225,13,260,10:20:18,10:20:18,,,,,,7.71,1
225,14,261,10:21:18,10:21:18,,,,,,7.917,1
225,15,351,10:22:18,10:22:18,,,,,,8.636,1
225,16,353,10:24:18,10:24:18,,,,,,8.831,1
225,17,352,10:25:18,10:25:18,,,,,,9.208,1
225,18,263,10:25:28,10:25:28,,,,,,9.61,1
225,19,264,10:28:28,10:28:28,,,,,,11.279,1
225,20,265,10:28:31,10:28:31,,,,,,11.393,1
225,21,266,10:28:36,10:28:36,,,,,,11.567,1
225,22,110,10:30:36,10:30:36,,,,,,12.776,1
239,0,110,10:32:00,10:32:00,,,,,,2.394,1
239,1,267,10:36:00,10:36:00,,,,,,3.631,1
239,2,268,10:36:36,10:36:36,,,,,,5.165,1
239,3,269,10:37:36,10:37:36,,,,,,5.446,1
239,4,270,10:38:36,10:38:36,,,,,,7.054,1
239,5,271,10:38:40,10:38:40,,,,,,7.205,1
239,6,259,10:42:40,10:42:40,,,,,,7.431,1
239,7,272,10:43:40,10:43:40,,,,,,8.369,1
239,8,273,10:45:40,10:45:40,,,,,,9.46,1
239,9,274,10:45:47,10:45:47,,,,,,9.755,1
239,10,275,10:46:47,10:46:47,,,,,,10.212,1
239,11,112,10:47:47,10:47:47,,,,,,10.441,1
239,12,113,10:48:47,10:48:47,,,,,,10.979,1
239,13,276,10:50:47,10:50:47,,,,,,11.564,1
239,14,354,10:52:47,10:52:47,,,,,,12.058,1
239,15,355,10:54:47,10:54:47,,,,,,13.758,1
239,16,83,10:55:47,10:55:47,,,,,,14.199,1
226,0,83,11:00:00,11:00:00,,,,,,0,1
226,1,348,11:05:00,11:05:00,,,,,,1.136,1
226,2,349,11:10:00,11:10:00,,,,,,2.869,1
226,3,80,11:12:00,11:12:00,,,,,,3.511,1
226,4,255,11:13:00,11:13:00,,,,,,3.742,1
226,5,82,11:14:00,11:14:00,,,,,,4.096,1
226,6,106,11:15:00,11:15:00,,,,,,4.604,1
226,7,256,11:16:00,11:16:00,,,,,,4.865,1
226,8,107,11:16:10,11:16:10,,,,,,5.261,1
226,9,257,11:17:10,11:17:10,,,,,,5.53,1
226,10,108,11:18:10,11:18:10,,,,,,6.144,1
226,11,258,11:19:10,11:19:10,,,,,,6.681,1
226,12,350,11:19:18,11:19:18,,,,,,7.016,1
226,13,260,11:20:18,11:20:18,,,,,,7.71,1
226,14,261,11:21:18,11:21:18,,,,,,7.917,1
226,15,351,11:22:18,11:22:18,,,,,,8.636,1
226,16,353,11:24:18,11:24:18,,,,,,8.831,1
226,17,352,11:25:18,11:25:18,,,,,,9.208,1
226,18,263,11:25:28,11:25:28,,,,,,9.61,1
226,19,264,11:28:28,11:28:28,,,,,,11.279,1
226,20,265,11:28:31,11:28:31,,,,,,11.393,1
226,21,266,11:28:36,11:28:36,,,,,,11.567,1
226,22,110,11:30:36,11:30:36,,,,,,12.776,1
240,0,110,11:32:00,11:32:00,,,,,,2.394,1
240,1,267,11:36:00,11:36:00,,,,,,3.631,1
240,2,268,11:36:36,11:36:36,,,,,,5.165,1
240,3,269,11:37:36,11:37:36,,,,,,5.446,1
240,4,270,11:38:36,11:38:36,,,,,,7.054,1
240,5,271,11:38:40,11:38:40,,,,,,7.205,1
240,6,259,11:42:40,11:42:40,,,,,,7.431,1
240,7,272,11:43:40,11:43:40,,,,,,8.369,1
240,8,273,11:45:40,11:45:40,,,,,,9.46,1
240,9,274,11:45:47,11:45:47,,,,,,9.755,1
240,10,275,11:46:47,11:46:47,,,,,,10.212,1
240,11,112,11:47:47,11:47:47,,,,,,10.441,1
240,12,113,11:48:47,11:48:47,,,,,,10.979,1
240,13,276,11:50:47,11:50:47,,,,,,11.564,1
240,14,354,11:52:47,11:52:47,,,,,,12.058,1
240,15,355,11:54:47,11:54:47,,,,,,13.758,1
240,16,83,11:55:47,11:55:47,,,,,,14.199,1
227,0,83,12:00:00,12:00:00,,,,,,0,1
227,1,348,12:05:00,12:05:00,,,,,,1.136,1
227,2,349,12:10:00,12:10:00,,,,,,2.869,1
227,3,80,12:12:00,12:12:00,,,,,,3.511,1
227,4,255,12:13:00,12:13:00,,,,,,3.742,1
227,5,82,12:14:00,12:14:00,,,,,,4.096,1
227,6,106,12:15:00,12:15:00,,,,,,4.604,1
227,7,256,12:16:00,12:16:00,,,,,,4.865,1
227,8,107,12:16:10,12:16:10,,,,,,5.261,1
227,9,257,12:17:10,12:17:10,,,,,,5.53,1
227,10,108,12:18:10,12:18:10,,,,,,6.144,1
227,11,258,12:19:10,12:19:10,,,,,,6.681,1
227,12,350,12:19:18,12:19:18,,,,,,7.016,1
227,13,260,12:20:18,12:20:18,,,,,,7.71,1
227,14,261,12:21:18,12:21:18,,,,,,7.917,1
227,15,351,12:22:18,12:22:18,,,,,,8.636,1
227,16,353,12:24:18,12:24:18,,,,,,8.831,1
227,17,352,12:25:18,12:25:18,,,,,,9.208,1
227,18,263,12:25:28,12:25:28,,,,,,9.61,1
227,19,264,12:28:28,12:28:28,,,,,,11.279,1
227,20,265,12:28:31,12:28:31,,,,,,11.393,1
227,21,266,12:28:36,12:28:36,,,,,,11.567,1
227,22,110,12:30:36,12:30:36,,,,,,12.776,1
241,0,110,12:32:00,12:32:00,,,,,,2.394,1
241,1,267,12:36:00,12:36:00,,,,,,3.631,1
241,2,268,12:36:36,12:36:36,,,,,,5.165,1
241,3,269,12:37:36,12:37:36,,,,,,5.446,1
241,4,270,12:38:36,12:38:36,,,,,,7.054,1
241,5,271,12:38:40,12:38:40,,,,,,7.205,1
241,6,259,12:42:40,12:42:40,,,,,,7.431,1
241,7,272,12:43:40,12:43:40,,,,,,8.369,1
241,8,273,12:45:40,12:45:40,,,,,,9.46,1
241,9,274,12:45:47,12:45:47,,,,,,9.755,1
241,10,275,12:46:47,12:46:47,,,,,,10.212,1
241,11,112,12:47:47,12:47:47,,,,,,10.441,1
241,12,113,12:48:47,12:48:47,,,,,,10.979,1
241,13,276,12:50:47,12:50:47,,,,,,11.564,1
241,14,354,12:52:47,12:52:47,,,,,,12.058,1
241,15,355,12:54:47,12:54:47,,,,,,13.758,1
241,16,83,12:55:47,12:55:47,,,,,,14.199,1
228,0,83,13:00:00,13:00:00,,,,,,0,1
228,1,348,13:05:00,13:05:00,,,,,,1.136,1
228,2,349,13:10:00,13:10:00,,,,,,2.869,1
228,3,80,13:12:00,13:12:00,,,,,,3.511,1
228,4,255,13:13:00,13:13:00,,,,,,3.742,1
228,5,82,13:14:00,13:14:00,,,,,,4.096,1
228,6,106,13:15:00,13:15:00,,,,,,4.604,1
228,7,256,13:16:00,13:16:00,,,,,,4.865,1
228,8,107,13:16:10,13:16:10,,,,,,5.261,1
228,9,257,13:17:10,13:17:10,,,,,,5.53,1
228,10,108,13:18:10,13:18:10,,,,,,6.144,1
228,11,258,13:19:10,13:19:10,,,,,,6.681,1
228,12,350,13:19:18,13:19:18,,,,,,7.016,1
228,13,260,13:20:18,13:20:18,,,,,,7.71,1
228,14,261,13:21:18,13:21:18,,,,,,7.917,1
228,15,351,13:22:18,13:22:18,,,,,,8.636,1
228,16,353,13:24:18,13:24:18,,,,,,8.831,1
228,17,352,13:25:18,13:25:18,,,,,,9.208,1
228,18,263,13:25:28,13:25:28,,,,,,9.61,1
228,19,264,13:28:28,13:28:28,,,,,,11.279,1
228,20,265,13:28:31,13:28:31,,,,,,11.393,1
228,21,266,13:28:36,13:28:36,,,,,,11.567,1
228,22,110,13:30:36,13:30:36,,,,,,12.776,1
242,0,110,13:32:00,13:32:00,,,,,,2.394,1
242,1,267,13:36:00,13:36:00,,,,,,3.631,1
242,2,268,13:36:36,13:36:36,,,,,,5.165,1
242,3,269,13:37:36,13:37:36,,,,,,5.446,1
242,4,270,13:38:36,13:38:36,,,,,,7.054,1
242,5,271,13:38:40,13:38:40,,,,,,7.205,1
242,6,259,13:42:40,13:42:40,,,,,,7.431,1
242,7,272,13:43:40,13:43:40,,,,,,8.369,1
242,8,273,13:45:40,13:45:40,,,,,,9.46,1
242,9,274,13:45:47,13:45:47,,,,,,9.755,1
242,10,275,13:46:47,13:46:47,,,,,,10.212,1
242,11,112,13:47:47,13:47:47,,,,,,10.441,1
242,12,113,13:48:47,13:48:47,,,,,,10.979,1
242,13,276,13:50:47,13:50:47,,,,,,11.564,1
242,14,354,13:52:47,13:52:47,,,,,,12.058,1
242,15,355,13:54:47,13:54:47,,,,,,13.758,1
242,16,83,13:55:47,13:55:47,,,,,,14.199,1
229,0,83,14:00:00,14:00:00,,,,,,0,1
229,1,348,14:05:00,14:05:00,,,,,,1.136,1
229,2,349,14:10:00,14:10:00,,,,,,2.869,1
229,3,80,14:12:00,14:12:00,,,,,,3.511,1
229,4,255,14:13:00,14:13:00,,,,,,3.742,1
229,5,82,14:14:00,14:14:00,,,,,,4.096,1
229,6,106,14:15:00,14:15:00,,,,,,4.604,1
229,7,256,14:16:00,14:16:00,,,,,,4.865,1
229,8,107,14:16:10,14:16:10,,,,,,5.261,1
229,9,257,14:17:10,14:17:10,,,,,,5.53,1
229,10,108,14:18:10,14:18:10,,,,,,6.144,1
229,11,258,14:19:10,14:19:10,,,,,,6.681,1
229,12,350,14:19:18,14:19:18,,,,,,7.016,1
229,13,260,14:20:18,14:20:18,,,,,,7.71,1
229,14,261,14:21:18,14:21:18,,,,,,7.917,1
229,15,351,14:22:18,14:22:18,,,,,,8.636,1
229,16,353,14:24:18,14:24:18,,,,,,8.831,1
229,17,352,14:25:18,14:25:18,,,,,,9.208,1
229,18,263,14:25:28,14:25:28,,,,,,9.61,1
229,19,264,14:28:28,14:28:28,,,,,,11.279,1
229,20,265,14:28:31,14:28:31,,,,,,11.393,1
229,21,266,14:28:36,14:28:36,,,,,,11.567,1
229,22,110,14:30:36,14:30:36,,,,,,12.776,1
243,0,110,14:32:00,14:32:00,,,,,,2.394,1
243,1,267,14:36:00,14:36:00,,,,,,3.631,1
243,2,268,14:36:36,14:36:36,,,,,,5.165,1
243,3,269,14:37:36,14:37:36,,,,,,5.446,1
243,4,270,14:38:36,14:38:36,,,,,,7.054,1
243,5,271,14:38:40,14:38:40,,,,,,7.205,1
243,6,259,14:42:40,14:42:40,,,,,,7.431,1
243,7,272,14:43:40,14:43:40,,,,,,8.369,1
243,8,273,14:45:40,14:45:40,,,,,,9.46,1
243,9,274,14:45:47,14:45:47,,,,,,9.755,1
243,10,275,14:46:47,14:46:47,,,,,,10.212,1
243,11,112,14:47:47,14:47:47,,,,,,10.441,1
243,12,113,14:48:47,14:48:47,,,,,,10.979,1
243,13,276,14:50:47,14:50:47,,,,,,11.564,1
243,14,354,14:52:47,14:52:47,,,,,,12.058,1
243,15,355,14:54:47,14:54:47,,,,,,13.758,1
243,16,83,14:55:47,14:55:47,,,,,,14.199,1
230,0,83,15:00:00,15:00:00,,,,,,0,1
230,1,348,15:05:00,15:05:00,,,,,,1.136,1
230,2,349,15:10:00,15:10:00,,,,,,2.869,1
230,3,80,15:12:00,15:12:00,,,,,,3.511,1
230,4,255,15:13:00,15:13:00,,,,,,3.742,1
230,5,82,15:14:00,15:14:00,,,,,,4.096,1
230,6,106,15:15:00,15:15:00,,,,,,4.604,1
230,7,256,15:16:00,15:16:00,,,,,,4.865,1
230,8,107,15:16:10,15:16:10,,,,,,5.261,1
230,9,257,15:17:10,15:17:10,,,,,,5.53,1
230,10,108,15:18:10,15:18:10,,,,,,6.144,1
230,11,258,15:19:10,15:19:10,,,,,,6.681,1
230,12,350,15:19:18,15:19:18,,,,,,7.016,1
230,13,260,15:20:18,15:20:18,,,,,,7.71,1
230,14,261,15:21:18,15:21:18,,,,,,7.917,1
230,15,351,15:22:18,15:22:18,,,,,,8.636,1
230,16,353,15:24:18,15:24:18,,,,,,8.831,1
230,17,352,15:25:18,15:25:18,,,,,,9.208,1
230,18,263,15:25:28,15:25:28,,,,,,9.61,1
230,19,264,15:28:28,15:28:28,,,,,,11.279,1
230,20,265,15:28:31,15:28:31,,,,,,11.393,1
230,21,266,15:28:36,15:28:36,,,,,,11.567,1
230,22,110,15:30:36,15:30:36,,,,,,12.776,1
244,0,110,15:32:00,15:32:00,,,,,,2.394,1
244,1,267,15:36:00,15:36:00,,,,,,3.631,1
244,2,268,15:36:36,15:36:36,,,,,,5.165,1
244,3,269,15:37:36,15:37:36,,,,,,5.446,1
244,4,270,15:38:36,15:38:36,,,,,,7.054,1
244,5,271,15:38:40,15:38:40,,,,,,7.205,1
244,6,259,15:42:40,15:42:40,,,,,,7.431,1
244,7,272,15:43:40,15:43:40,,,,,,8.369,1
244,8,273,15:45:40,15:45:40,,,,,,9.46,1
244,9,274,15:45:47,15:45:47,,,,,,9.755,1
244,10,275,15:46:47,15:46:47,,,,,,10.212,1
244,11,112,15:47:47,15:47:47,,,,,,10.441,1
244,12,113,15:48:47,15:48:47,,,,,,10.979,1
244,13,276,15:50:47,15:50:47,,,,,,11.564,1
244,14,354,15:52:47,15:52:47,,,,,,12.058,1
244,15,355,15:54:47,15:54:47,,,,,,13.758,1
244,16,83,15:55:47,15:55:47,,,,,,14.199,1
231,0,83,16:00:00,16:00:00,,,,,,0,1
231,1,348,16:05:00,16:05:00,,,,,,1.136,1
231,2,349,16:10:00,16:10:00,,,,,,2.869,1
231,3,80,16:12:00,16:12:00,,,,,,3.511,1
231,4,255,16:13:00,16:13:00,,,,,,3.742,1
231,5,82,16:14:00,16:14:00,,,,,,4.096,1
231,6,106,16:15:00,16:15:00,,,,,,4.604,1
231,7,256,16:16:00,16:16:00,,,,,,4.865,1
231,8,107,16:16:10,16:16:10,,,,,,5.261,1
231,9,257,16:17:10,16:17:10,,,,,,5.53,1
231,10,108,16:18:10,16:18:10,,,,,,6.144,1
231,11,258,16:19:10,16:19:10,,,,,,6.681,1
231,12,350,16:19:18,16:19:18,,,,,,7.016,1
231,13,260,16:20:18,16:20:18,,,,,,7.71,1
231,14,261,16:21:18,16:21:18,,,,,,7.917,1
231,15,351,16:22:18,16:22:18,,,,,,8.636,1
231,16,353,16:24:18,16:24:18,,,,,,8.831,1
231,17,352,16:25:18,16:25:18,,,,,,9.208,1
231,18,263,16:25:28,16:25:28,,,,,,9.61,1
231,19,264,16:28:28,16:28:28,,,,,,11.279,1
231,20,265,16:28:31,16:28:31,,,,,,11.393,1
231,21,266,16:28:36,16:28:36,,,,,,11.567,1
231,22,110,16:30:36,16:30:36,,,,,,12.776,1
245,0,110,16:32:00,16:32:00,,,,,,2.394,1
245,1,267,16:36:00,16:36:00,,,,,,3.631,1
245,2,268,16:36:36,16:36:36,,,,,,5.165,1
245,3,269,16:37:36,16:37:36,,,,,,5.446,1
245,4,270,16:38:36,16:38:36,,,,,,7.054,1
245,5,271,16:38:40,16:38:40,,,,,,7.205,1
245,6,259,16:42:40,16:42:40,,,,,,7.431,1
245,7,272,16:43:40,16:43:40,,,,,,8.369,1
245,8,273,16:45:40,16:45:40,,,,,,9.46,1
245,9,274,16:45:47,16:45:47,,,,,,9.755,1
245,10,275,16:46:47,16:46:47,,,,,,10.212,1
245,11,112,16:47:47,16:47:47,,,,,,10.441,1
245,12,113,16:48:47,16:48:47,,,,,,10.979,1
245,13,276,16:50:47,16:50:47,,,,,,11.564,1
245,14,354,16:52:47,16:52:47,,,,,,12.058,1
245,15,355,16:54:47,16:54:47,,,,,,13.758,1
245,16,83,16:55:47,16:55:47,,,,,,14.199,1
232,0,83,17:00:00,17:00:00,,,,,,0,1
232,1,348,17:05:00,17:05:00,,,,,,1.136,1
232,2,349,17:10:00,17:10:00,,,,,,2.869,1
232,3,80,17:12:00,17:12:00,,,,,,3.511,1
232,4,255,17:13:00,17:13:00,,,,,,3.742,1
232,5,82,17:14:00,17:14:00,,,,,,4.096,1
232,6,106,17:15:00,17:15:00,,,,,,4.604,1
232,7,256,17:16:00,17:16:00,,,,,,4.865,1
232,8,107,17:16:10,17:16:10,,,,,,5.261,1
232,9,257,17:17:10,17:17:10,,,,,,5.53,1
232,10,108,17:18:10,17:18:10,,,,,,6.144,1
232,11,258,17:19:10,17:19:10,,,,,,6.681,1
232,12,350,17:19:18,17:19:18,,,,,,7.016,1
232,13,260,17:20:18,17:20:18,,,,,,7.71,1
232,14,261,17:21:18,17:21:18,,,,,,7.917,1
232,15,351,17:22:18,17:22:18,,,,,,8.636,1
232,16,353,17:24:18,17:24:18,,,,,,8.831,1
232,17,352,17:25:18,17:25:18,,,,,,9.208,1
232,18,263,17:25:28,17:25:28,,,,,,9.61,1
232,19,264,17:28:28,17:28:28,,,,,,11.279,1
232,20,265,17:28:31,17:28:31,,,,,,11.393,1
232,21,266,17:28:36,17:28:36,,,,,,11.567,1
232,22,110,17:30:36,17:30:36,,,,,,12.776,1
246,0,110,17:32:00,17:32:00,,,,,,2.394,1
246,1,267,17:36:00,17:36:00,,,,,,3.631,1
246,2,268,17:36:36,17:36:36,,,,,,5.165,1
246,3,269,17:37:36,17:37:36,,,,,,5.446,1
246,4,270,17:38:36,17:38:36,,,,,,7.054,1
246,5,271,17:38:40,17:38:40,,,,,,7.205,1
246,6,259,17:42:40,17:42:40,,,,,,7.431,1
246,7,272,17:43:40,17:43:40,,,,,,8.369,1
246,8,273,17:45:40,17:45:40,,,,,,9.46,1
246,9,274,17:45:47,17:45:47,,,,,,9.755,1
246,10,275,17:46:47,17:46:47,,,,,,10.212,1
246,11,112,17:47:47,17:47:47,,,,,,10.441,1
246,12,113,17:48:47,17:48:47,,,,,,10.979,1
246,13,276,17:50:47,17:50:47,,,,,,11.564,1
246,14,354,17:52:47,17:52:47,,,,,,12.058,1
246,15,355,17:54:47,17:54:47,,,,,,13.758,1
246,16,83,17:55:47,17:55:47,,,,,,14.199,1
233,0,83,18:00:00,18:00:00,,,,,,0,1
233,1,348,18:05:00,18:05:00,,,,,,1.136,1
233,2,349,18:10:00,18:10:00,,,,,,2.869,1
233,3,80,18:12:00,18:12:00,,,,,,3.511,1
233,4,255,18:13:00,18:13:00,,,,,,3.742,1
233,5,82,18:14:00,18:14:00,,,,,,4.096,1
233,6,106,18:15:00,18:15:00,,,,,,4.604,1
233,7,256,18:16:00,18:16:00,,,,,,4.865,1
233,8,107,18:16:10,18:16:10,,,,,,5.261,1
233,9,257,18:17:10,18:17:10,,,,,,5.53,1
233,10,108,18:18:10,18:18:10,,,,,,6.144,1
233,11,258,18:19:10,18:19:10,,,,,,6.681,1
233,12,350,18:19:18,18:19:18,,,,,,7.016,1
233,13,260,18:20:18,18:20:18,,,,,,7.71,1
233,14,261,18:21:18,18:21:18,,,,,,7.917,1
233,15,351,18:22:18,18:22:18,,,,,,8.636,1
233,16,353,18:24:18,18:24:18,,,,,,8.831,1
233,17,352,18:25:18,18:25:18,,,,,,9.208,1
233,18,263,18:25:28,18:25:28,,,,,,9.61,1
233,19,264,18:28:28,18:28:28,,,,,,11.279,1
233,20,265,18:28:31,18:28:31,,,,,,11.393,1
233,21,266,18:28:36,18:28:36,,,,,,11.567,1
233,22,110,18:30:36,18:30:36,,,,,,12.776,1
247,0,110,18:32:00,18:32:00,,,,,,2.394,1
247,1,267,18:36:00,18:36:00,,,,,,3.631,1
247,2,268,18:36:36,18:36:36,,,,,,5.165,1
247,3,269,18:37:36,18:37:36,,,,,,5.446,1
247,4,270,18:38:36,18:38:36,,,,,,7.054,1
247,5,271,18:38:40,18:38:40,,,,,,7.205,1
247,6,259,18:42:40,18:42:40,,,,,,7.431,1
247,7,272,18:43:40,18:43:40,,,,,,8.369,1
247,8,273,18:45:40,18:45:40,,,,,,9.46,1
247,9,274,18:45:47,18:45:47,,,,,,9.755,1
247,10,275,18:46:47,18:46:47,,,,,,10.212,1
247,11,112,18:47:47,18:47:47,,,,,,10.441,1
247,12,113,18:48:47,18:48:47,,,,,,10.979,1
247,13,276,18:50:47,18:50:47,,,,,,11.564,1
247,14,354,18:52:47,18:52:47,,,,,,12.058,1
247,15,355,18:54:47,18:54:47,,,,,,13.758,1
247,16,83,18:55:47,18:55:47,,,,,,14.199,1
234,0,83,19:00:00,19:00:00,,,,,,0,1
234,1,348,19:05:00,19:05:00,,,,,,1.136,1
234,2,349,19:10:00,19:10:00,,,,,,2.869,1
234,3,80,19:12:00,19:12:00,,,,,,3.511,1
234,4,255,19:13:00,19:13:00,,,,,,3.742,1
234,5,82,19:14:00,19:14:00,,,,,,4.096,1
234,6,106,19:15:00,19:15:00,,,,,,4.604,1
234,7,256,19:16:00,19:16:00,,,,,,4.865,1
234,8,107,19:16:10,19:16:10,,,,,,5.261,1
234,9,257,19:17:10,19:17:10,,,,,,5.53,1
234,10,108,19:18:10,19:18:10,,,,,,6.144,1
234,11,258,19:19:10,19:19:10,,,,,,6.681,1
234,12,350,19:19:18,19:19:18,,,,,,7.016,1
234,13,260,19:20:18,19:20:18,,,,,,7.71,1
234,14,261,19:21:18,19:21:18,,,,,,7.917,1
234,15,351,19:22:18,19:22:18,,,,,,8.636,1
234,16,353,19:24:18,19:24:18,,,,,,8.831,1
234,17,352,19:25:18,19:25:18,,,,,,9.208,1
234,18,263,19:25:28,19:25:28,,,,,,9.61,1
234,19,264,19:28:28,19:28:28,,,,,,11.279,1
234,20,265,19:28:31,19:28:31,,,,,,11.393,1
234,21,266,19:28:36,19:28:36,,,,,,11.567,1
234,22,110,19:30:36,19:30:36,,,,,,12.776,1
248,0,110,19:32:00,19:32:00,,,,,,2.394,1
248,1,267,19:36:00,19:36:00,,,,,,3.631,1
248,2,268,19:36:36,19:36:36,,,,,,5.165,1
248,3,269,19:37:36,19:37:36,,,,,,5.446,1
248,4,270,19:38:36,19:38:36,,,,,,7.054,1
248,5,271,19:38:40,19:38:40,,,,,,7.205,1
248,6,259,19:42:40,19:42:40,,,,,,7.431,1
248,7,272,19:43:40,19:43:40,,,,,,8.369,1
248,8,273,19:45:40,19:45:40,,,,,,9.46,1
248,9,274,19:45:47,19:45:47,,,,,,9.755,1
248,10,275,19:46:47,19:46:47,,,,,,10.212,1
248,11,112,19:47:47,19:47:47,,,,,,10.441,1
248,12,113,19:48:47,19:48:47,,,,,,10.979,1
248,13,276,19:50:47,19:50:47,,,,,,11.564,1
248,14,354,19:52:47,19:52:47,,,,,,12.058,1
248,15,355,19:54:47,19:54:47,,,,,,13.758,1
248,16,83,19:55:47,19:55:47,,,,,,14.199,1
235,0,83,20:00:00,20:00:00,,,,,,0,1
235,1,348,20:05:00,20:05:00,,,,,,1.136,1
235,2,349,20:10:00,20:10:00,,,,,,2.869,1
235,3,80,20:12:00,20:12:00,,,,,,3.511,1
235,4,255,20:13:00,20:13:00,,,,,,3.742,1
235,5,82,20:14:00,20:14:00,,,,,,4.096,1
235,6,106,20:15:00,20:15:00,,,,,,4.604,1
235,7,256,20:16:00,20:16:00,,,,,,4.865,1
235,8,107,20:16:10,20:16:10,,,,,,5.261,1
235,9,257,20:17:10,20:17:10,,,,,,5.53,1
235,10,108,20:18:10,20:18:10,,,,,,6.144,1
235,11,258,20:19:10,20:19:10,,,,,,6.681,1
235,12,350,20:19:18,20:19:18,,,,,,7.016,1
235,13,260,20:20:18,20:20:18,,,,,,7.71,1
235,14,261,20:21:18,20:21:18,,,,,,7.917,1
235,15,351,20:22:18,20:22:18,,,,,,8.636,1
235,16,353,20:24:18,20:24:18,,,,,,8.831,1
235,17,352,20:25:18,20:25:18,,,,,,9.208,1
235,18,263,20:25:28,20:25:28,,,,,,9.61,1
235,19,264,20:28:28,20:28:28,,,,,,11.279,1
235,20,265,20:28:31,20:28:31,,,,,,11.393,1
235,21,266,20:28:36,20:28:36,,,,,,11.567,1
235,22,110,20:30:36,20:30:36,,,,,,12.776,1
249,0,110,20:32:00,20:32:00,,,,,,2.394,1
249,1,267,20:36:00,20:36:00,,,,,,3.631,1
249,2,268,20:36:36,20:36:36,,,,,,5.165,1
249,3,269,20:37:06,20:37:06,,,,,,5.446,1
249,4,270,20:38:06,20:38:06,,,,,,7.054,1
249,5,271,20:39:06,20:39:06,,,,,,7.205,1
249,6,259,20:42:06,20:42:06,,,,,,7.431,1
249,7,272,20:43:06,20:43:06,,,,,,8.369,1
249,8,273,20:45:06,20:45:06,,,,,,9.46,1
249,9,274,20:45:13,20:45:13,,,,,,9.755,1
249,10,275,20:46:13,20:46:13,,,,,,10.212,1
249,11,112,20:47:13,20:47:13,,,,,,10.441,1
249,12,113,20:48:13,20:48:13,,,,,,10.979,1
249,13,276,20:50:13,20:50:13,,,,,,11.564,1
249,14,354,20:52:13,20:52:13,,,,,,12.058,1
249,15,355,20:54:13,20:54:13,,,,,,13.758,1
249,16,83,20:55:13,20:55:13,,,,,,14.199,1
396,0,83,21:00:00,21:00:00,,,,,,0,1
396,1,348,21:05:00,21:05:00,,,,,,1.136,1
396,2,349,21:10:00,21:10:00,,,,,,2.869,1
396,3,80,21:12:00,21:12:00,,,,,,3.511,1
396,4,255,21:13:00,21:13:00,,,,,,3.742,1
396,5,82,21:14:00,21:14:00,,,,,,4.096,1
396,6,106,21:15:00,21:15:00,,,,,,4.604,1
396,7,256,21:16:00,21:16:00,,,,,,4.865,1
396,8,107,21:16:10,21:16:10,,,,,,5.261,1
396,9,257,21:17:10,21:17:10,,,,,,5.53,1
396,10,108,21:18:10,21:18:10,,,,,,6.144,1
396,11,258,21:19:10,21:19:10,,,,,,6.681,1
396,12,350,21:19:18,21:19:18,,,,,,7.016,1
396,13,260,21:20:18,21:20:18,,,,,,7.71,1
396,14,261,21:21:18,21:21:18,,,,,,7.917,1
396,15,351,21:22:18,21:22:18,,,,,,8.636,1
396,16,353,21:24:18,21:24:18,,,,,,8.831,1
396,17,352,21:25:18,21:25:18,,,,,,9.208,1
396,18,263,21:25:28,21:25:28,,,,,,9.61,1
396,19,264,21:28:28,21:28:28,,,,,,11.279,1
396,20,265,21:28:31,21:28:31,,,,,,11.393,1
396,21,266,21:28:36,21:28:36,,,,,,11.567,1
396,22,110,21:30:36,21:30:36,,,,,,12.776,1
397,0,110,21:32:00,21:32:00,,,,,,2.394,1
397,1,267,21:36:00,21:36:00,,,,,,3.631,1
397,2,268,21:36:36,21:36:36,,,,,,5.165,1
397,3,269,21:37:36,21:37:36,,,,,,5.446,1
397,4,270,21:38:36,21:38:36,,,,,,7.054,1
397,5,271,21:38:40,21:38:40,,,,,,7.205,1
397,6,259,21:42:40,21:42:40,,,,,,7.431,1
397,7,272,21:43:40,21:43:40,,,,,,8.369,1
397,8,273,21:45:40,21:45:40,,,,,,9.46,1
397,9,274,21:45:47,21:45:47,,,,,,9.755,1
397,10,275,21:46:47,21:46:47,,,,,,10.212,1
397,11,112,21:47:47,21:47:47,,,,,,10.441,1
397,12,113,21:48:47,21:48:47,,,,,,10.979,1
397,13,276,21:50:47,21:50:47,,,,,,11.564,1
397,14,354,21:52:47,21:52:47,,,,,,12.058,1
397,15,355,21:54:47,21:54:47,,,,,,13.758,1
397,16,83,21:55:47,21:55:47,,,,,,14.199,1
250,0,83,06:00:00,06:00:00,,,,,,0,1
250,1,288,06:03:00,06:03:00,,,,,,0.836,1
250,2,71,06:07:00,06:07:00,,,,,,2.756,1
250,3,412,06:09:15,06:09:15,,,,,,5.623,1
250,4,357,06:10:00,06:10:00,,,,,,6.074,1
250,5,413,06:11:00,06:11:00,,,,,,7.28,1
250,6,144,06:13:00,06:13:00,,,,,,8.015,1
250,7,145,06:16:00,06:16:00,,,,,,9.709,1
250,8,115,06:20:00,06:20:00,,2,,,,15.476,1
250,9,132,06:25:00,06:25:00,,,,,,19.646,1
266,0,132,06:26:00,06:26:00,,,,,,0,1
266,1,286,06:36:00,06:36:00,,,,,,7.393,1
266,2,287,06:41:00,06:41:00,,,,,,8.967,1
266,3,144,06:46:00,06:46:00,,,,,,11.19,1
266,4,410,06:48:00,06:48:00,,,,,,13.181,1
266,5,411,06:49:00,06:49:00,,,,,,13.621,1
266,6,424,06:53:00,06:53:00,,,,,,14.882,1
266,7,83,06:58:00,06:58:00,,,,,,17.061,1
251,0,83,07:00:00,07:00:00,,,,,,0,1
251,1,288,07:03:00,07:03:00,,,,,,0.836,1
251,2,71,07:07:00,07:07:00,,,,,,2.756,1
251,3,412,07:09:15,07:09:15,,,,,,5.623,1
251,4,357,07:10:00,07:10:00,,,,,,6.074,1
251,5,413,07:11:00,07:11:00,,,,,,7.28,1
251,6,144,07:13:00,07:13:00,,,,,,8.015,1
251,7,145,07:16:00,07:16:00,,,,,,9.709,1
251,8,115,07:20:00,07:20:00,,,,,,15.476,1
251,9,132,07:25:00,07:25:00,,,,,,19.646,1
267,0,132,07:26:00,07:26:00,,,,,,0,1
267,1,286,07:36:00,07:36:00,,,,,,7.393,1
267,2,287,07:41:00,07:41:00,,,,,,8.967,1
267,3,144,07:46:00,07:46:00,,,,,,11.19,1
267,4,410,07:48:00,07:48:00,,,,,,13.181,1
267,5,411,07:49:00,07:49:00,,,,,,13.621,1
267,6,424,07:53:00,07:53:00,,,,,,14.882,1
267,7,83,07:58:00,07:58:00,,,,,,17.061,1
252,0,83,08:00:00,08:00:00,,,,,,0,1
252,1,288,08:03:00,08:03:00,,,,,,0.836,1
252,2,71,08:07:00,08:07:00,,,,,,2.756,1
252,3,412,08:09:15,08:09:15,,,,,,5.623,1
252,4,357,08:10:00,08:10:00,,,,,,6.074,1
252,5,413,08:11:00,08:11:00,,,,,,7.28,1
252,6,144,08:13:00,08:13:00,,,,,,8.015,1
252,7,145,08:16:00,08:16:00,,,,,,9.709,1
252,8,115,08:20:00,08:20:00,,2,,,,15.476,1
252,9,132,08:25:00,08:25:00,,,,,,19.646,1
268,0,132,08:26:00,08:26:00,,,,,,0,1
268,1,286,08:36:00,08:36:00,,,,,,7.393,1
268,2,287,08:41:00,08:41:00,,,,,,8.967,1
268,3,144,08:46:00,08:46:00,,,,,,11.19,1
268,4,410,08:48:00,08:48:00,,,,,,13.181,1
268,5,411,08:49:00,08:49:00,,,,,,13.621,1
268,6,424,08:53:00,08:53:00,,,,,,14.882,1
268,7,83,08:58:00,08:58:00,,,,,,17.061,1
253,0,83,09:00:00,09:00:00,,,,,,0,1
253,1,288,09:03:00,09:03:00,,,,,,0.836,1
253,2,71,09:07:00,09:07:00,,,,,,2.756,1
253,3,412,09:09:15,09:09:15,,,,,,5.623,1
253,4,357,09:10:00,09:10:00,,,,,,6.074,1
253,5,413,09:11:00,09:11:00,,,,,,7.28,1
253,6,144,09:13:00,09:13:00,,,,,,8.015,1
253,7,145,09:16:00,09:16:00,,,,,,9.709,1
253,8,115,09:20:00,09:20:00,,2,,,,15.476,1
253,9,132,09:25:00,09:25:00,,,,,,19.646,1
269,0,132,09:26:00,09:26:00,,,,,,0,1
269,1,286,09:36:00,09:36:00,,,,,,7.393,1
269,2,287,09:41:00,09:41:00,,,,,,8.967,1
269,3,144,09:46:00,09:46:00,,,,,,11.19,1
269,4,410,09:48:00,09:48:00,,,,,,13.181,1
269,5,411,09:49:00,09:49:00,,,,,,13.621,1
269,6,424,09:53:00,09:53:00,,,,,,14.882,1
269,7,83,09:58:00,09:58:00,,,,,,17.061,1
254,0,83,10:00:00,10:00:00,,,,,,0,1
254,1,288,10:03:00,10:03:00,,,,,,0.836,1
254,2,71,10:07:00,10:07:00,,,,,,2.756,1
254,3,412,10:09:15,10:09:15,,,,,,5.623,1
254,4,357,10:10:00,10:10:00,,,,,,6.074,1
254,5,413,10:11:00,10:11:00,,,,,,7.28,1
254,6,144,10:13:00,10:13:00,,,,,,8.015,1
254,7,145,10:16:00,10:16:00,,,,,,9.709,1
254,8,115,10:20:00,10:20:00,,,,,,15.476,1
254,9,132,10:25:00,10:25:00,,,,,,19.646,1
270,0,132,10:26:00,10:26:00,,,,,,0,1
270,1,286,10:36:00,10:36:00,,,,,,7.393,1
270,2,287,10:41:00,10:41:00,,,,,,8.967,1
270,3,144,10:46:00,10:46:00,,,,,,11.19,1
270,4,410,10:48:00,10:48:00,,,,,,13.181,1
270,5,411,10:49:00,10:49:00,,,,,,13.621,1
270,6,424,10:53:00,10:53:00,,,,,,14.882,1
270,7,83,10:58:00,10:58:00,,,,,,17.061,1
255,0,83,11:00:00,11:00:00,,,,,,0,1
255,1,288,11:03:00,11:03:00,,,,,,0.836,1
255,2,71,11:07:00,11:07:00,,,,,,2.756,1
255,3,412,11:09:15,11:09:15,,,,,,5.623,1
255,4,357,11:10:00,11:10:00,,,,,,6.074,1
255,5,413,11:11:00,11:11:00,,,,,,7.28,1
255,6,144,11:13:00,11:13:00,,,,,,8.015,1
255,7,145,11:16:00,11:16:00,,,,,,9.709,1
255,8,115,11:20:00,11:20:00,,,,,,15.476,1
255,9,132,11:25:00,11:25:00,,,,,,19.646,1
271,0,132,11:26:00,11:26:00,,,,,,0,1
271,1,286,11:36:00,11:36:00,,,,,,7.393,1
271,2,287,11:41:00,11:41:00,,,,,,8.967,1
271,3,144,11:46:00,11:46:00,,,,,,11.19,1
271,4,410,11:48:00,11:48:00,,,,,,13.181,1
271,5,411,11:49:00,11:49:00,,,,,,13.621,1
271,6,424,11:53:00,11:53:00,,,,,,14.882,1
271,7,83,11:58:00,11:58:00,,,,,,17.061,1
256,0,83,12:00:00,12:00:00,,,,,,0,1
256,1,288,12:03:00,12:03:00,,,,,,0.836,1
256,2,71,12:07:00,12:07:00,,,,,,2.756,1
256,3,412,12:09:15,12:09:15,,,,,,5.623,1
256,4,357,12:10:00,12:10:00,,,,,,6.074,1
256,5,413,12:11:00,12:11:00,,,,,,7.28,1
256,6,144,12:13:00,12:13:00,,,,,,8.015,1
256,7,145,12:16:00,12:16:00,,,,,,9.709,1
256,8,115,12:20:00,12:20:00,,,,,,15.476,1
256,9,132,12:25:00,12:25:00,,,,,,19.646,1
272,0,132,12:26:00,12:26:00,,,,,,0,1
272,1,286,12:36:00,12:36:00,,,,,,7.393,1
272,2,287,12:41:00,12:41:00,,,,,,8.967,1
272,3,144,12:46:00,12:46:00,,,,,,11.19,1
272,4,410,12:48:00,12:48:00,,,,,,13.181,1
272,5,411,12:49:00,12:49:00,,,,,,13.621,1
272,6,424,12:53:00,12:53:00,,,,,,14.882,1
272,7,83,12:58:00,12:58:00,,,,,,17.061,1
257,0,83,13:00:00,13:00:00,,,,,,0,1
257,1,288,13:03:00,13:03:00,,,,,,0.836,1
257,2,71,13:07:00,13:07:00,,,,,,2.756,1
257,3,412,13:09:15,13:09:15,,,,,,5.623,1
257,4,357,13:10:00,13:10:00,,,,,,6.074,1
257,5,413,13:11:00,13:11:00,,,,,,7.28,1
257,6,144,13:13:00,13:13:00,,,,,,8.015,1
257,7,145,13:16:00,13:16:00,,,,,,9.709,1
257,8,115,13:20:00,13:20:00,,,,,,15.476,1
257,9,132,13:25:00,13:25:00,,,,,,19.646,1
273,0,132,13:26:00,13:26:00,,,,,,0,1
273,1,286,13:36:00,13:36:00,,,,,,7.393,1
273,2,287,13:41:00,13:41:00,,,,,,8.967,1
273,3,144,13:46:00,13:46:00,,,,,,11.19,1
273,4,410,13:48:00,13:48:00,,,,,,13.181,1
273,5,411,13:49:00,13:49:00,,,,,,13.621,1
273,6,424,13:53:00,13:53:00,,,,,,14.882,1
273,7,83,13:58:00,13:58:00,,,,,,17.061,1
258,0,83,14:00:00,14:00:00,,,,,,0,1
258,1,288,14:03:00,14:03:00,,,,,,0.836,1
258,2,71,14:07:00,14:07:00,,,,,,2.756,1
258,3,412,14:09:15,14:09:15,,,,,,5.623,1
258,4,357,14:10:00,14:10:00,,,,,,6.074,1
258,5,413,14:11:00,14:11:00,,,,,,7.28,1
258,6,144,14:13:00,14:13:00,,,,,,8.015,1
258,7,145,14:16:00,14:16:00,,,,,,9.709,1
258,8,115,14:20:00,14:20:00,,,,,,15.476,1
258,9,132,14:25:00,14:25:00,,,,,,19.646,1
274,0,132,14:26:00,14:26:00,,,,,,0,1
274,1,286,14:36:00,14:36:00,,,,,,7.393,1
274,2,287,14:41:00,14:41:00,,,,,,8.967,1
274,3,144,14:46:00,14:46:00,,,,,,11.19,1
274,4,410,14:48:00,14:48:00,,,,,,13.181,1
274,5,411,14:49:00,14:49:00,,,,,,13.621,1
274,6,424,14:53:00,14:53:00,,,,,,14.882,1
274,7,83,14:58:00,14:58:00,,,,,,17.061,1
259,0,83,15:00:00,15:00:00,,,,,,0,1
259,1,288,15:03:00,15:03:00,,,,,,0.836,1
259,2,71,15:07:00,15:07:00,,,,,,2.756,1
259,3,412,15:09:15,15:09:15,,,,,,5.623,1
259,4,357,15:10:00,15:10:00,,,,,,6.074,1
259,5,413,15:11:00,15:11:00,,,,,,7.28,1
259,6,144,15:13:00,15:13:00,,,,,,8.015,1
259,7,145,15:16:00,15:16:00,,,,,,9.709,1
259,8,115,15:20:00,15:20:00,,,,,,15.476,1
259,9,132,15:25:00,15:25:00,,,,,,19.646,1
275,0,132,15:26:00,15:26:00,,,,,,0,1
275,1,286,15:36:00,15:36:00,,,,,,7.393,1
275,2,287,15:41:00,15:41:00,,,,,,8.967,1
275,3,144,15:46:00,15:46:00,,,,,,11.19,1
275,4,410,15:48:00,15:48:00,,,,,,13.181,1
275,5,411,15:49:00,15:49:00,,,,,,13.621,1
275,6,424,15:53:00,15:53:00,,,,,,14.882,1
275,7,83,15:58:00,15:58:00,,,,,,17.061,1
260,0,83,16:00:00,16:00:00,,,,,,0,1
260,1,288,16:03:00,16:03:00,,,,,,0.836,1
260,2,71,16:07:00,16:07:00,,,,,,2.756,1
260,3,412,16:09:15,16:09:15,,,,,,5.623,1
260,4,357,16:10:00,16:10:00,,,,,,6.074,1
260,5,413,16:11:00,16:11:00,,,,,,7.28,1
260,6,144,16:13:00,16:13:00,,,,,,8.015,1
260,7,145,16:16:00,16:16:00,,,,,,9.709,1
260,8,115,16:20:00,16:20:00,,,,,,15.476,1
260,9,132,16:25:00,16:25:00,,,,,,19.646,1
276,0,132,16:26:00,16:26:00,,,,,,0,1
276,1,286,16:36:00,16:36:00,,,,,,7.393,1
276,2,287,16:41:00,16:41:00,,,,,,8.967,1
276,3,144,16:46:00,16:46:00,,,,,,11.19,1
276,4,410,16:48:00,16:48:00,,,,,,13.181,1
276,5,411,16:49:00,16:49:00,,,,,,13.621,1
276,6,424,16:53:00,16:53:00,,,,,,14.882,1
276,7,83,16:58:00,16:58:00,,,,,,17.061,1
261,0,83,17:00:00,17:00:00,,,,,,0,1
261,1,288,17:03:00,17:03:00,,,,,,0.836,1
261,2,71,17:07:00,17:07:00,,,,,,2.756,1
261,3,412,17:09:15,17:09:15,,,,,,5.623,1
261,4,357,17:10:00,17:10:00,,,,,,6.074,1
261,5,413,17:11:00,17:11:00,,,,,,7.28,1
261,6,144,17:13:00,17:13:00,,,,,,8.015,1
261,7,145,17:16:00,17:16:00,,,,,,9.709,1
261,8,115,17:20:00,17:20:00,,,,,,15.476,1
261,9,132,17:25:00,17:25:00,,,,,,19.646,1
277,0,132,17:26:00,17:26:00,,,,,,0,1
277,1,286,17:36:00,17:36:00,,,,,,7.393,1
277,2,287,17:41:00,17:41:00,,,,,,8.967,1
277,3,144,17:46:00,17:46:00,,,,,,11.19,1
277,4,410,17:48:00,17:48:00,,,,,,13.181,1
277,5,411,17:49:00,17:49:00,,,,,,13.621,1
277,6,424,17:53:00,17:53:00,,,,,,14.882,1
277,7,83,17:58:00,17:58:00,,,,,,17.061,1
262,0,83,18:00:00,18:00:00,,,,,,0,1
262,1,288,18:03:00,18:03:00,,,,,,0.836,1
262,2,71,18:07:00,18:07:00,,,,,,2.756,1
262,3,412,18:09:15,18:09:15,,,,,,5.623,1
262,4,357,18:10:00,18:10:00,,,,,,6.074,1
262,5,413,18:11:00,18:11:00,,,,,,7.28,1
262,6,144,18:13:00,18:13:00,,,,,,8.015,1
262,7,145,18:16:00,18:16:00,,,,,,9.709,1
262,8,115,18:20:00,18:20:00,,,,,,15.476,1
262,9,132,18:25:00,18:25:00,,,,,,19.646,1
278,0,132,18:26:00,18:26:00,,,,,,0,1
278,1,286,18:36:00,18:36:00,,,,,,7.393,1
278,2,287,18:41:00,18:41:00,,,,,,8.967,1
278,3,144,18:46:00,18:46:00,,,,,,11.19,1
278,4,410,18:48:00,18:48:00,,,,,,13.181,1
278,5,411,18:49:00,18:49:00,,,,,,13.621,1
278,6,424,18:53:00,18:53:00,,,,,,14.882,1
278,7,83,18:58:00,18:58:00,,,,,,17.061,1
263,0,83,19:00:00,19:00:00,,,,,,0,1
263,1,288,19:03:00,19:03:00,,,,,,0.836,1
263,2,71,19:07:00,19:07:00,,,,,,2.756,1
263,3,412,19:09:15,19:09:15,,,,,,5.623,1
263,4,357,19:10:00,19:10:00,,,,,,6.074,1
263,5,413,19:11:00,19:11:00,,,,,,7.28,1
263,6,144,19:13:00,19:13:00,,,,,,8.015,1
263,7,145,19:16:00,19:16:00,,,,,,9.709,1
263,8,115,19:20:00,19:20:00,,,,,,15.476,1
263,9,132,19:25:00,19:25:00,,,,,,19.646,1
279,0,132,19:26:00,19:26:00,,,,,,0,1
279,1,286,19:36:00,19:36:00,,,,,,7.393,1
279,2,287,19:41:00,19:41:00,,,,,,8.967,1
279,3,144,19:46:00,19:46:00,,,,,,11.19,1
279,4,410,19:48:00,19:48:00,,,,,,13.181,1
279,5,411,19:49:00,19:49:00,,,,,,13.621,1
279,6,424,19:53:00,19:53:00,,,,,,14.882,1
279,7,83,19:58:00,19:58:00,,,,,,17.061,1
264,0,83,20:00:00,20:00:00,,,,,,0,1
264,1,288,20:03:00,20:03:00,,,,,,0.836,1
264,2,71,20:07:00,20:07:00,,,,,,2.756,1
264,3,412,20:09:15,20:09:15,,,,,,5.623,1
264,4,357,20:10:00,20:10:00,,,,,,6.074,1
264,5,413,20:11:00,20:11:00,,,,,,7.28,1
264,6,144,20:13:00,20:13:00,,,,,,8.015,1
264,7,145,20:16:00,20:16:00,,,,,,9.709,1
264,8,115,20:20:00,20:20:00,,,,,,15.476,1
264,9,132,20:25:00,20:25:00,,,,,,19.646,1
400,0,132,20:26:00,20:26:00,,,,,,0,1
400,1,286,20:36:00,20:36:00,,,,,,7.393,1
400,2,287,20:41:00,20:41:00,,,,,,8.967,1
400,3,144,20:46:00,20:46:00,,,,,,11.19,1
400,4,410,20:48:00,20:48:00,,,,,,13.181,1
400,5,411,20:49:00,20:49:00,,,,,,13.621,1
400,6,424,20:53:00,20:53:00,,,,,,14.882,1
400,7,83,20:58:00,20:58:00,,,,,,17.061,1
265,0,83,21:00:00,21:00:00,,,,,,0,1
265,1,288,21:03:00,21:03:00,,,,,,0.836,1
265,2,71,21:07:00,21:07:00,,,,,,2.756,1
265,3,412,21:09:15,21:09:15,,,,,,5.623,1
265,4,357,21:10:00,21:10:00,,,,,,6.074,1
265,5,413,21:11:00,21:11:00,,,,,,7.28,1
265,6,144,21:13:00,21:13:00,,,,,,8.015,1
265,7,145,21:16:00,21:16:00,,,,,,9.709,1
265,8,115,21:20:00,21:20:00,,,,,,15.476,1
265,9,132,21:25:00,21:25:00,,,,,,19.646,1
401,0,132,21:26:00,21:26:00,,,,,,0,1
401,1,286,21:36:00,21:36:00,,,,,,7.393,1
401,2,287,21:41:00,21:41:00,,,,,,8.967,1
401,3,144,21:46:00,21:46:00,,,,,,11.19,1
401,4,410,21:48:00,21:48:00,,,,,,13.181,1
401,5,411,21:49:00,21:49:00,,,,,,13.621,1
401,6,424,21:53:00,21:53:00,,,,,,14.882,1
401,7,83,21:58:00,21:58:00,,,,,,17.061,1
542,0,83,06:00:00,06:00:00,,,,,,0,1
542,1,288,06:01:00,06:01:00,,,,,,0.816,1
542,2,422,06:06:00,06:06:00,,,,,,4.322,1
542,3,279,06:10:00,06:10:00,,,,,,7.389,1
542,4,280,06:11:00,06:11:00,,,,,,7.779,1
542,5,356,06:12:00,06:12:00,,,,,,9.395,1
542,6,357,06:13:00,06:13:00,,,,,,10.411,1
542,7,413,06:13:30,06:13:30,,,,,,11.625,1
542,8,144,06:14:00,06:14:00,,,,,,12.273,1
542,9,72,06:22:00,06:22:00,,,,,,20.694,1
542,10,290,06:27:00,06:27:00,,,,,,25.415,1
542,11,84,06:30:00,06:30:00,,,,,,29.084,1
542,12,132,06:40:00,06:40:00,,,,,,35.29,1
542,13,83,06:55:00,06:55:00,,,,,,47.064,1
543,0,83,07:00:00,07:00:00,,,,,,0,1
543,1,288,07:01:00,07:01:00,,,,,,0.816,1
543,2,422,07:06:00,07:06:00,,,,,,4.322,1
543,3,279,07:10:00,07:10:00,,,,,,7.389,1
543,4,280,07:11:00,07:11:00,,,,,,7.779,1
543,5,356,07:12:00,07:12:00,,,,,,9.395,1
543,6,357,07:13:00,07:13:00,,,,,,10.411,1
543,7,413,07:13:30,07:13:30,,,,,,11.625,1
543,8,144,07:14:00,07:14:00,,,,,,12.273,1
543,9,72,07:22:00,07:22:00,,,,,,20.694,1
543,10,290,07:27:00,07:27:00,,,,,,25.415,1
543,11,84,07:30:00,07:30:00,,,,,,29.084,1
543,12,132,07:40:00,07:40:00,,,,,,35.29,1
543,13,83,07:55:00,07:55:00,,,,,,47.064,1
544,0,83,08:00:00,08:00:00,,,,,,0,1
544,1,288,08:01:00,08:01:00,,,,,,0.816,1
544,2,422,08:06:00,08:06:00,,,,,,4.322,1
544,3,279,08:10:00,08:10:00,,,,,,7.389,1
544,4,280,08:11:00,08:11:00,,,,,,7.779,1
544,5,356,08:12:00,08:12:00,,,,,,9.395,1
544,6,357,08:13:00,08:13:00,,,,,,10.411,1
544,7,413,08:13:30,08:13:30,,,,,,11.625,1
544,8,144,08:14:00,08:14:00,,,,,,12.273,1
544,9,72,08:22:00,08:22:00,,,,,,20.694,1
544,10,290,08:27:00,08:27:00,,,,,,25.415,1
544,11,84,08:30:00,08:30:00,,,,,,29.084,1
544,12,132,08:40:00,08:40:00,,,,,,35.29,1
544,13,83,08:55:00,08:55:00,,,,,,47.064,1
545,0,83,09:00:00,09:00:00,,,,,,0,1
545,1,288,09:01:00,09:01:00,,,,,,0.816,1
545,2,422,09:06:00,09:06:00,,,,,,4.322,1
545,3,279,09:10:00,09:10:00,,,,,,7.389,1
545,4,280,09:11:00,09:11:00,,,,,,7.779,1
545,5,356,09:12:00,09:12:00,,,,,,9.395,1
545,6,357,09:13:00,09:13:00,,,,,,10.411,1
545,7,413,09:13:30,09:13:30,,,,,,11.625,1
545,8,144,09:14:00,09:14:00,,,,,,12.273,1
545,9,72,09:22:00,09:22:00,,,,,,20.694,1
545,10,290,09:27:00,09:27:00,,,,,,25.415,1
545,11,84,09:30:00,09:30:00,,,,,,29.084,1
545,12,132,09:40:00,09:40:00,,,,,,35.29,1
545,13,83,09:55:00,09:55:00,,,,,,47.064,1
546,0,83,10:00:00,10:00:00,,,,,,0,1
546,1,288,10:01:00,10:01:00,,,,,,0.816,1
546,2,422,10:06:00,10:06:00,,,,,,4.322,1
546,3,279,10:10:00,10:10:00,,,,,,7.389,1
546,4,280,10:11:00,10:11:00,,,,,,7.779,1
546,5,356,10:12:00,10:12:00,,,,,,9.395,1
546,6,357,10:13:00,10:13:00,,,,,,10.411,1
546,7,413,10:13:30,10:13:30,,,,,,11.625,1
546,8,144,10:14:00,10:14:00,,,,,,12.273,1
546,9,72,10:22:00,10:22:00,,,,,,20.694,1
546,10,290,10:27:00,10:27:00,,,,,,25.415,1
546,11,84,10:30:00,10:30:00,,,,,,29.084,1
546,12,132,10:40:00,10:40:00,,,,,,35.29,1
546,13,83,10:55:00,10:55:00,,,,,,47.064,1
547,0,83,11:00:00,11:00:00,,,,,,0,1
547,1,288,11:01:00,11:01:00,,,,,,0.816,1
547,2,422,11:06:00,11:06:00,,,,,,4.322,1
547,3,279,11:10:00,11:10:00,,,,,,7.389,1
547,4,280,11:11:00,11:11:00,,,,,,7.779,1
547,5,356,11:12:00,11:12:00,,,,,,9.395,1
547,6,357,11:13:00,11:13:00,,,,,,10.411,1
547,7,413,11:13:30,11:13:30,,,,,,11.625,1
547,8,144,11:14:00,11:14:00,,,,,,12.273,1
547,9,72,11:22:00,11:22:00,,,,,,20.694,1
547,10,290,11:27:00,11:27:00,,,,,,25.415,1
547,11,84,11:30:00,11:30:00,,,,,,29.084,1
547,12,132,11:40:00,11:40:00,,,,,,35.29,1
547,13,83,11:55:00,11:55:00,,,,,,47.064,1
548,0,83,12:00:00,12:00:00,,,,,,0,1
548,1,288,12:01:00,12:01:00,,,,,,0.816,1
548,2,422,12:06:00,12:06:00,,,,,,4.322,1
548,3,279,12:10:00,12:10:00,,,,,,7.389,1
548,4,280,12:11:00,12:11:00,,,,,,7.779,1
548,5,356,12:12:00,12:12:00,,,,,,9.395,1
548,6,357,12:13:00,12:13:00,,,,,,10.411,1
548,7,413,12:13:30,12:13:30,,,,,,11.625,1
548,8,144,12:14:00,12:14:00,,,,,,12.273,1
548,9,72,12:22:00,12:22:00,,,,,,20.694,1
548,10,290,12:27:00,12:27:00,,,,,,25.415,1
548,11,84,12:30:00,12:30:00,,,,,,29.084,1
548,12,132,12:40:00,12:40:00,,,,,,35.29,1
548,13,83,12:55:00,12:55:00,,,,,,47.064,1
549,0,83,13:00:00,13:00:00,,,,,,0,1
549,1,288,13:01:00,13:01:00,,,,,,0.816,1
549,2,422,13:06:00,13:06:00,,,,,,4.322,1
549,3,279,13:10:00,13:10:00,,,,,,7.389,1
549,4,280,13:11:00,13:11:00,,,,,,7.779,1
549,5,356,13:12:00,13:12:00,,,,,,9.395,1
549,6,357,13:13:00,13:13:00,,,,,,10.411,1
549,7,413,13:13:30,13:13:30,,,,,,11.625,1
549,8,144,13:14:00,13:14:00,,,,,,12.273,1
549,9,72,13:22:00,13:22:00,,,,,,20.694,1
549,10,290,13:27:00,13:27:00,,,,,,25.415,1
549,11,84,13:30:00,13:30:00,,,,,,29.084,1
549,12,132,13:40:00,13:40:00,,,,,,35.29,1
549,13,83,13:55:00,13:55:00,,,,,,47.064,1
550,0,83,14:00:00,14:00:00,,,,,,0,1
550,1,288,14:01:00,14:01:00,,,,,,0.816,1
550,2,422,14:06:00,14:06:00,,,,,,4.322,1
550,3,279,14:10:00,14:10:00,,,,,,7.389,1
550,4,280,14:11:00,14:11:00,,,,,,7.779,1
550,5,356,14:12:00,14:12:00,,,,,,9.395,1
550,6,357,14:13:00,14:13:00,,,,,,10.411,1
550,7,413,14:13:30,14:13:30,,,,,,11.625,1
550,8,144,14:14:00,14:14:00,,,,,,12.273,1
550,9,72,14:22:00,14:22:00,,,,,,20.694,1
550,10,290,14:27:00,14:27:00,,,,,,25.415,1
550,11,84,14:30:00,14:30:00,,,,,,29.084,1
550,12,132,14:40:00,14:40:00,,,,,,35.29,1
550,13,83,14:55:00,14:55:00,,,,,,47.064,1
551,0,83,15:00:00,15:00:00,,,,,,0,1
551,1,288,15:01:00,15:01:00,,,,,,0.816,1
551,2,422,15:06:00,15:06:00,,,,,,4.322,1
551,3,279,15:10:00,15:10:00,,,,,,7.389,1
551,4,280,15:11:00,15:11:00,,,,,,7.779,1
551,5,356,15:12:00,15:12:00,,,,,,9.395,1
551,6,357,15:13:00,15:13:00,,,,,,10.411,1
551,7,413,15:13:30,15:13:30,,,,,,11.625,1
551,8,144,15:14:00,15:14:00,,,,,,12.273,1
551,9,72,15:22:00,15:22:00,,,,,,20.694,1
551,10,290,15:27:00,15:27:00,,,,,,25.415,1
551,11,84,15:30:00,15:30:00,,,,,,29.084,1
551,12,132,15:40:00,15:40:00,,,,,,35.29,1
551,13,83,15:55:00,15:55:00,,,,,,47.064,1
552,0,83,16:00:00,16:00:00,,,,,,0,1
552,1,288,16:01:00,16:01:00,,,,,,0.816,1
552,2,422,16:06:00,16:06:00,,,,,,4.322,1
552,3,279,16:10:00,16:10:00,,,,,,7.389,1
552,4,280,16:11:00,16:11:00,,,,,,7.779,1
552,5,356,16:12:00,16:12:00,,,,,,9.395,1
552,6,357,16:13:00,16:13:00,,,,,,10.411,1
552,7,413,16:13:30,16:13:30,,,,,,11.625,1
552,8,144,16:14:00,16:14:00,,,,,,12.273,1
552,9,72,16:22:00,16:22:00,,,,,,20.694,1
552,10,290,16:27:00,16:27:00,,,,,,25.415,1
552,11,84,16:30:00,16:30:00,,,,,,29.084,1
552,12,132,16:40:00,16:40:00,,,,,,35.29,1
552,13,83,16:55:00,16:55:00,,,,,,47.064,1
553,0,83,17:00:00,17:00:00,,,,,,0,1
553,1,288,17:01:00,17:01:00,,,,,,0.816,1
553,2,422,17:06:00,17:06:00,,,,,,4.322,1
553,3,279,17:10:00,17:10:00,,,,,,7.389,1
553,4,280,17:11:00,17:11:00,,,,,,7.779,1
553,5,356,17:12:00,17:12:00,,,,,,9.395,1
553,6,357,17:13:00,17:13:00,,,,,,10.411,1
553,7,413,17:13:30,17:13:30,,,,,,11.625,1
553,8,144,17:14:00,17:14:00,,,,,,12.273,1
553,9,72,17:22:00,17:22:00,,,,,,20.694,1
553,10,290,17:27:00,17:27:00,,,,,,25.415,1
553,11,84,17:30:00,17:30:00,,,,,,29.084,1
553,12,132,17:40:00,17:40:00,,,,,,35.29,1
553,13,83,17:55:00,17:55:00,,,,,,47.064,1
554,0,83,18:00:00,18:00:00,,,,,,0,1
554,1,288,18:01:00,18:01:00,,,,,,0.816,1
554,2,422,18:06:00,18:06:00,,,,,,4.322,1
554,3,279,18:10:00,18:10:00,,,,,,7.389,1
554,4,280,18:11:00,18:11:00,,,,,,7.779,1
554,5,356,18:12:00,18:12:00,,,,,,9.395,1
554,6,357,18:13:00,18:13:00,,,,,,10.411,1
554,7,413,18:13:30,18:13:30,,,,,,11.625,1
554,8,144,18:14:00,18:14:00,,,,,,12.273,1
554,9,72,18:22:00,18:22:00,,,,,,20.694,1
554,10,290,18:27:00,18:27:00,,,,,,25.415,1
554,11,84,18:30:00,18:30:00,,,,,,29.084,1
554,12,132,18:40:00,18:40:00,,,,,,35.29,1
554,13,83,18:55:00,18:55:00,,,,,,47.064,1
555,0,83,19:00:00,19:00:00,,,,,,0,1
555,1,288,19:01:00,19:01:00,,,,,,0.816,1
555,2,422,19:06:00,19:06:00,,,,,,4.322,1
555,3,279,19:10:00,19:10:00,,,,,,7.389,1
555,4,280,19:11:00,19:11:00,,,,,,7.779,1
555,5,356,19:12:00,19:12:00,,,,,,9.395,1
555,6,357,19:13:00,19:13:00,,,,,,10.411,1
555,7,413,19:13:30,19:13:30,,,,,,11.625,1
555,8,144,19:14:00,19:14:00,,,,,,12.273,1
555,9,72,19:22:00,19:22:00,,,,,,20.694,1
555,10,290,19:27:00,19:27:00,,,,,,25.415,1
555,11,84,19:30:00,19:30:00,,,,,,29.084,1
555,12,132,19:40:00,19:40:00,,,,,,35.29,1
555,13,83,19:55:00,19:55:00,,,,,,47.064,1
556,0,83,20:00:00,20:00:00,,,,,,0,1
556,1,288,20:01:00,20:01:00,,,,,,0.816,1
556,2,422,20:06:00,20:06:00,,,,,,4.322,1
556,3,279,20:10:00,20:10:00,,,,,,7.389,1
556,4,280,20:11:00,20:11:00,,,,,,7.779,1
556,5,356,20:12:00,20:12:00,,,,,,9.395,1
556,6,357,20:13:00,20:13:00,,,,,,10.411,1
556,7,413,20:13:30,20:13:30,,,,,,11.625,1
556,8,144,20:14:00,20:14:00,,,,,,12.273,1
556,9,72,20:22:00,20:22:00,,,,,,20.694,1
556,10,290,20:27:00,20:27:00,,,,,,25.415,1
556,11,84,20:30:00,20:30:00,,,,,,29.084,1
556,12,132,20:40:00,20:40:00,,,,,,35.29,1
556,13,83,20:55:00,20:55:00,,,,,,47.064,1
280,0,83,06:10:00,06:10:00,,,,,,0,1
280,1,423,06:15:00,06:15:00,,,,,,3.488,1
280,2,110,06:31:00,06:31:00,,,,,,13.742,1
280,3,148,06:36:00,06:36:00,,,,,,16.42,1
280,4,133,06:46:00,06:46:00,,,,,,26.449,1
280,5,336,06:47:00,06:47:00,,,,,,27.525,1
280,6,289,06:51:00,06:51:00,,,,,,29.962,1
280,7,134,06:51:30,06:51:30,,,,,,30.622,1
280,8,135,06:52:00,06:52:00,,,,,,30.748,1
280,9,136,06:53:00,06:53:00,,,,,,31.783,1
280,10,137,06:55:00,06:55:00,,,,,,34.336,1
288,0,127,06:58:00,06:58:00,,,,,,0,1
288,1,128,07:03:00,07:03:00,,,,,,2.399,1
288,2,129,07:04:00,07:04:00,,,,,,3.502,1
288,3,289,07:06:00,07:06:00,,,,,,4.852,1
288,4,359,07:08:00,07:08:00,,,,,,6.609,1
288,5,130,07:11:00,07:11:00,,,,,,7.83,1
288,6,148,07:21:00,07:21:00,,,,,,18.157,1
288,7,110,07:31:00,07:31:00,,,,,,20.551,1
288,8,422,07:46:00,07:46:00,,,,,,30.444,1
288,9,71,07:50:00,07:50:00,,,,,,32.365,1
288,10,83,07:55:00,07:55:00,,,,,,33.501,1
281,0,83,08:10:00,08:10:00,,,,,,0,1
281,1,423,08:15:00,08:15:00,,,,,,3.488,1
281,2,110,08:31:00,08:31:00,,,,,,13.742,1
281,3,148,08:36:00,08:36:00,,,,,,16.42,1
281,4,133,08:46:00,08:46:00,,,,,,26.449,1
281,5,336,08:47:00,08:47:00,,,,,,27.525,1
281,6,289,08:51:00,08:51:00,,,,,,29.962,1
281,7,134,08:51:30,08:51:30,,,,,,30.622,1
281,8,135,08:52:00,08:52:00,,,,,,30.748,1
281,9,136,08:53:00,08:53:00,,,,,,31.783,1
281,10,137,08:55:00,08:55:00,,,,,,34.336,1
289,0,127,08:58:00,08:58:00,,,,,,0,1
289,1,128,09:03:00,09:03:00,,,,,,2.399,1
289,2,129,09:04:00,09:04:00,,,,,,3.502,1
289,3,289,09:06:00,09:06:00,,,,,,4.852,1
289,4,359,09:08:00,09:08:00,,,,,,6.609,1
289,5,130,09:11:00,09:11:00,,,,,,7.83,1
289,6,148,09:21:00,09:21:00,,,,,,18.157,1
289,7,110,09:31:00,09:31:00,,,,,,20.551,1
289,8,422,09:46:00,09:46:00,,,,,,30.444,1
289,9,71,09:50:00,09:50:00,,,,,,32.365,1
289,10,83,09:55:00,09:55:00,,,,,,33.501,1
282,0,83,10:10:00,10:10:00,,,,,,0,1
282,1,423,10:15:00,10:15:00,,,,,,3.488,1
282,2,110,10:31:00,10:31:00,,,,,,13.742,1
282,3,148,10:36:00,10:36:00,,,,,,16.42,1
282,4,133,10:46:00,10:46:00,,,,,,26.449,1
282,5,336,10:47:00,10:47:00,,,,,,27.525,1
282,6,289,10:51:00,10:51:00,,,,,,29.962,1
282,7,134,10:51:30,10:51:30,,,,,,30.622,1
282,8,135,10:52:00,10:52:00,,,,,,30.748,1
282,9,136,10:53:00,10:53:00,,,,,,31.783,1
282,10,137,10:55:00,10:55:00,,,,,,34.336,1
290,0,127,10:58:00,10:58:00,,,,,,0,1
290,1,128,11:03:00,11:03:00,,,,,,2.399,1
290,2,129,11:04:00,11:04:00,,,,,,3.502,1
290,3,289,11:06:00,11:06:00,,,,,,4.852,1
290,4,359,11:08:00,11:08:00,,,,,,6.609,1
290,5,130,11:11:00,11:11:00,,,,,,7.83,1
290,6,148,11:21:00,11:21:00,,,,,,18.157,1
290,7,110,11:31:00,11:31:00,,,,,,20.551,1
290,8,422,11:46:00,11:46:00,,,,,,30.444,1
290,9,71,11:50:00,11:50:00,,,,,,32.365,1
290,10,83,11:55:00,11:55:00,,,,,,33.501,1
283,0,83,12:10:00,12:10:00,,,,,,0,1
283,1,423,12:15:00,12:15:00,,,,,,3.488,1
283,2,110,12:31:00,12:31:00,,,,,,13.742,1
283,3,148,12:36:00,12:36:00,,,,,,16.42,1
283,4,133,12:46:00,12:46:00,,,,,,26.449,1
283,5,336,12:47:00,12:47:00,,,,,,27.525,1
283,6,289,12:51:00,12:51:00,,,,,,29.962,1
283,7,134,12:51:30,12:51:30,,,,,,30.622,1
283,8,135,12:52:00,12:52:00,,,,,,30.748,1
283,9,136,12:53:00,12:53:00,,,,,,31.783,1
283,10,137,12:55:00,12:55:00,,,,,,34.336,1
291,0,127,12:58:00,12:58:00,,,,,,0,1
291,1,128,13:03:00,13:03:00,,,,,,2.399,1
291,2,129,13:04:00,13:04:00,,,,,,3.502,1
291,3,289,13:06:00,13:06:00,,,,,,4.852,1
291,4,359,13:08:00,13:08:00,,,,,,6.609,1
291,5,130,13:11:00,13:11:00,,,,,,7.83,1
291,6,148,13:21:00,13:21:00,,,,,,18.157,1
291,7,110,13:31:00,13:31:00,,,,,,20.551,1
291,8,422,13:46:00,13:46:00,,,,,,30.444,1
291,9,71,13:50:00,13:50:00,,,,,,32.365,1
291,10,83,13:55:00,13:55:00,,,,,,33.501,1
284,0,83,14:10:00,14:10:00,,,,,,0,1
284,1,423,14:15:00,14:15:00,,,,,,3.488,1
284,2,110,14:31:00,14:31:00,,,,,,13.742,1
284,3,148,14:36:00,14:36:00,,,,,,16.42,1
284,4,133,14:46:00,14:46:00,,,,,,26.449,1
284,5,336,14:47:00,14:47:00,,,,,,27.525,1
284,6,289,14:51:00,14:51:00,,,,,,29.962,1
284,7,134,14:51:30,14:51:30,,,,,,30.622,1
284,8,135,14:52:00,14:52:00,,,,,,30.748,1
284,9,136,14:53:00,14:53:00,,,,,,31.783,1
284,10,137,14:55:00,14:55:00,,,,,,34.336,1
292,0,127,14:58:00,14:58:00,,,,,,0,1
292,1,128,15:03:00,15:03:00,,,,,,2.399,1
292,2,129,15:04:00,15:04:00,,,,,,3.502,1
292,3,289,15:06:00,15:06:00,,,,,,4.852,1
292,4,359,15:08:00,15:08:00,,,,,,6.609,1
292,5,130,15:11:00,15:11:00,,,,,,7.83,1
292,6,148,15:21:00,15:21:00,,,,,,18.157,1
292,7,110,15:31:00,15:31:00,,,,,,20.551,1
292,8,422,15:46:00,15:46:00,,,,,,30.444,1
292,9,71,15:50:00,15:50:00,,,,,,32.365,1
292,10,83,15:55:00,15:55:00,,,,,,33.501,1
285,0,83,16:10:00,16:10:00,,,,,,0,1
285,1,423,16:15:00,16:15:00,,,,,,3.488,1
285,2,110,16:31:00,16:31:00,,,,,,13.742,1
285,3,148,16:36:00,16:36:00,,,,,,16.42,1
285,4,133,16:46:00,16:46:00,,,,,,26.449,1
285,5,336,16:47:00,16:47:00,,,,,,27.525,1
285,6,289,16:51:00,16:51:00,,,,,,29.962,1
285,7,134,16:51:30,16:51:30,,,,,,30.622,1
285,8,135,16:52:00,16:52:00,,,,,,30.748,1
285,9,136,16:53:00,16:53:00,,,,,,31.783,1
285,10,137,16:55:00,16:55:00,,,,,,34.336,1
293,0,127,16:58:00,16:58:00,,,,,,0,1
293,1,128,17:03:00,17:03:00,,,,,,2.399,1
293,2,129,17:04:00,17:04:00,,,,,,3.502,1
293,3,289,17:06:00,17:06:00,,,,,,4.852,1
293,4,359,17:08:00,17:08:00,,,,,,6.609,1
293,5,130,17:11:00,17:11:00,,,,,,7.83,1
293,6,148,17:21:00,17:21:00,,,,,,18.157,1
293,7,110,17:31:00,17:31:00,,,,,,20.551,1
293,8,422,17:46:00,17:46:00,,,,,,30.444,1
293,9,71,17:50:00,17:50:00,,,,,,32.365,1
293,10,83,17:55:00,17:55:00,,,,,,33.501,1
286,0,83,18:10:00,18:10:00,,,,,,0,1
286,1,423,18:15:00,18:15:00,,,,,,3.488,1
286,2,110,18:31:00,18:31:00,,,,,,13.742,1
286,3,148,18:36:00,18:36:00,,,,,,16.42,1
286,4,133,18:46:00,18:46:00,,,,,,26.449,1
286,5,336,18:47:00,18:47:00,,,,,,27.525,1
286,6,289,18:51:00,18:51:00,,,,,,29.962,1
286,7,134,18:51:30,18:51:30,,,,,,30.622,1
286,8,135,18:52:00,18:52:00,,,,,,30.748,1
286,9,136,18:53:00,18:53:00,,,,,,31.783,1
286,10,137,18:55:00,18:55:00,,,,,,34.336,1
294,0,127,18:58:00,18:58:00,,,,,,0,1
294,1,128,19:03:00,19:03:00,,,,,,2.399,1
294,2,129,19:04:00,19:04:00,,,,,,3.502,1
294,3,289,19:06:00,19:06:00,,,,,,4.852,1
294,4,359,19:08:00,19:08:00,,,,,,6.609,1
294,5,130,19:11:00,19:11:00,,,,,,7.83,1
294,6,148,19:21:00,19:21:00,,,,,,18.157,1
294,7,110,19:31:00,19:31:00,,,,,,20.551,1
294,8,422,19:46:00,19:46:00,,,,,,30.444,1
294,9,71,19:50:00,19:50:00,,,,,,32.365,1
294,10,83,19:55:00,19:55:00,,,,,,33.501,1
287,0,83,20:10:00,20:10:00,,,,,,0,1
287,1,423,20:15:00,20:15:00,,,,,,3.488,1
287,2,110,20:31:00,20:31:00,,,,,,13.742,1
287,3,148,20:36:00,20:36:00,,,,,,16.42,1
287,4,133,20:46:00,20:46:00,,,,,,26.449,1
287,5,336,20:47:00,20:47:00,,,,,,27.525,1
287,6,289,20:51:00,20:51:00,,,,,,29.962,1
287,7,134,20:51:30,20:51:30,,,,,,30.622,1
287,8,135,20:52:00,20:52:00,,,,,,30.748,1
287,9,136,20:53:00,20:53:00,,,,,,31.783,1
287,10,137,20:55:00,20:55:00,,,,,,34.336,1
295,0,127,20:58:00,20:58:00,,,,,,0,1
295,1,128,21:03:00,21:03:00,,,,,,2.399,1
295,2,129,21:04:00,21:04:00,,,,,,3.502,1
295,3,289,21:06:00,21:06:00,,,,,,4.852,1
295,4,359,21:08:00,21:08:00,,,,,,6.609,1
295,5,130,21:11:00,21:11:00,,,,,,7.83,1
295,6,148,21:21:00,21:21:00,,,,,,18.157,1
295,7,110,21:31:00,21:31:00,,,,,,20.551,1
295,8,422,21:46:00,21:46:00,,,,,,30.444,1
295,9,71,21:50:00,21:50:00,,,,,,32.365,1
295,10,83,21:55:00,21:55:00,,,,,,33.501,1
296,0,33,06:30:00,06:30:00,,,,,,0.05,1
296,1,64,06:32:00,06:32:00,,,,,,2.205,1
296,2,65,06:35:00,06:35:00,,,,,,3.022,1
296,3,66,06:37:00,06:37:00,,,,,,6.659,1
296,4,35,06:40:00,06:40:00,,,,,,7.22,1
296,5,34,06:41:30,06:41:30,,,,,,8.594,0
296,6,36,06:45:00,06:45:00,,,,,,11.78,1
296,7,37,06:47:00,06:47:00,,,,,,12.472,1
296,8,38,06:50:00,06:50:00,,,,,,12.91,1
296,9,39,06:55:00,06:55:00,,,,,,14.087,1
296,10,118,06:57:00,06:57:00,,,,,,15.429,1
296,11,40,06:59:26,06:59:26,,,,,,18.087,0
296,12,41,07:00:00,07:00:00,,,,,,18.711,1
296,13,425,07:05:00,07:05:00,,,,,,24.566,1
307,0,425,07:05:00,07:05:00,,,,,,0,1
307,1,102,07:09:14,07:09:14,,,,,,7.502,0
307,2,42,07:10:00,07:10:00,,,,,,8.876,1
307,3,43,07:15:00,07:15:00,,,,,,10.167,1
307,4,44,07:18:00,07:18:00,,,,,,10.609,1
307,5,36,07:20:00,07:20:00,,,,,,11.556,1
307,6,35,07:25:00,07:25:00,,,,,,12.295,1
307,7,74,07:26:53,07:26:53,,,,,,16.06,0
307,8,75,07:28:32,07:28:32,,,,,,19.36,0
307,9,76,07:28:57,07:28:57,,,,,,20.195,0
307,10,45,07:30:00,07:30:00,,,,,,22.308,1
297,0,33,07:30:00,07:30:00,,,,,,0.05,1
297,1,64,07:32:00,07:32:00,,,,,,2.205,1
297,2,65,07:36:00,07:36:00,,,,,,3.022,1
297,3,66,07:37:27,07:37:27,,,,,,6.659,1
297,4,35,07:40:27,07:40:27,,,,,,7.22,1
297,5,34,07:42:34,07:42:34,,,,,,8.594,0
297,6,36,07:47:27,07:47:27,,,,,,11.78,1
297,7,37,07:50:27,07:50:27,,,,,,12.472,1
297,8,38,07:51:27,07:51:27,,,,,,12.91,1
297,9,39,07:55:27,07:55:27,,,,,,14.087,1
297,10,118,07:57:27,07:57:27,,,,,,15.429,1
297,11,40,07:59:53,07:59:53,,,,,,18.087,0
297,12,41,08:00:27,08:00:27,,,,,,18.711,1
308,0,41,08:00:00,08:00:00,,,,,,5.982,1
308,1,102,08:02:54,08:02:54,,,,,,7.867,0
308,2,42,08:05:00,08:05:00,,,,,,9.24,1
308,3,43,08:10:00,08:10:00,,,,,,10.532,1
308,4,44,08:13:00,08:13:00,,,,,,10.973,1
308,5,36,08:15:00,08:15:00,,,,,,11.92,1
308,6,35,08:20:00,08:20:00,,,,,,12.66,1
308,7,74,08:21:53,08:21:53,,,,,,16.425,0
308,8,75,08:23:32,08:23:32,,,,,,19.725,0
308,9,76,08:23:57,08:23:57,,,,,,20.56,0
308,10,45,08:25:00,08:25:00,,,,,,22.672,1
298,0,33,08:30:00,08:30:00,,,,,,0.05,1
298,1,64,08:32:00,08:32:00,,,,,,2.205,1
298,2,65,08:35:00,08:35:00,,,,,,3.022,1
298,3,66,08:37:00,08:37:00,,,,,,6.659,1
298,4,35,08:40:00,08:40:00,,,,,,7.22,1
298,5,34,08:41:30,08:41:30,,,,,,8.594,0
298,6,36,08:45:00,08:45:00,,,,,,11.78,1
298,7,37,08:47:00,08:47:00,,,,,,12.472,1
298,8,38,08:50:00,08:50:00,,,,,,12.91,1
298,9,39,08:55:00,08:55:00,,,,,,14.087,1
298,10,118,08:57:00,08:57:00,,,,,,15.429,1
298,11,40,08:59:26,08:59:26,,,,,,18.087,0
298,12,41,09:00:00,09:00:00,,,,,,18.711,1
309,0,41,09:00:00,09:00:00,,,,,,5.982,1
309,1,102,09:02:54,09:02:54,,,,,,7.867,0
309,2,42,09:05:00,09:05:00,,,,,,9.24,1
309,3,43,09:10:00,09:10:00,,,,,,10.532,1
309,4,44,09:13:00,09:13:00,,,,,,10.973,1
309,5,36,09:15:00,09:15:00,,,,,,11.92,1
309,6,35,09:20:00,09:20:00,,,,,,12.66,1
309,7,74,09:21:53,09:21:53,,,,,,16.425,0
309,8,75,09:23:32,09:23:32,,,,,,19.725,0
309,9,76,09:23:57,09:23:57,,,,,,20.56,0
309,10,45,09:25:00,09:25:00,,,,,,22.672,1
299,0,33,09:30:00,09:30:00,,,,,,0.05,1
299,1,64,09:32:00,09:32:00,,,,,,2.205,1
299,2,65,09:35:00,09:35:00,,,,,,3.022,1
299,3,66,09:37:00,09:37:00,,,,,,6.659,1
299,4,35,09:40:00,09:40:00,,,,,,7.22,1
299,5,34,09:41:30,09:41:30,,,,,,8.594,0
299,6,36,09:45:00,09:45:00,,,,,,11.78,1
299,7,37,09:47:00,09:47:00,,,,,,12.472,1
299,8,38,09:50:00,09:50:00,,,,,,12.91,1
299,9,39,09:55:00,09:55:00,,,,,,14.087,1
299,10,118,09:57:00,09:57:00,,,,,,15.429,1
299,11,40,09:59:26,09:59:26,,,,,,18.087,0
299,12,41,10:00:00,10:00:00,,,,,,18.711,1
310,0,41,10:00:00,10:00:00,,,,,,5.982,1
310,1,102,10:02:54,10:02:54,,,,,,7.867,0
310,2,42,10:05:00,10:05:00,,,,,,9.24,1
310,3,43,10:10:00,10:10:00,,,,,,10.532,1
310,4,44,10:13:00,10:13:00,,,,,,10.973,1
310,5,36,10:15:00,10:15:00,,,,,,11.92,1
310,6,35,10:20:00,10:20:00,,,,,,12.66,1
310,7,74,10:21:53,10:21:53,,,,,,16.425,0
310,8,75,10:23:32,10:23:32,,,,,,19.725,0
310,9,76,10:23:57,10:23:57,,,,,,20.56,0
310,10,45,10:25:00,10:25:00,,,,,,22.672,1
300,0,33,10:30:00,10:30:00,,,,,,0.05,1
300,1,64,10:32:00,10:32:00,,,,,,2.205,1
300,2,65,10:35:00,10:35:00,,,,,,3.022,1
300,3,66,10:37:00,10:37:00,,,,,,6.659,1
300,4,35,10:40:00,10:40:00,,,,,,7.22,1
300,5,34,10:41:30,10:41:30,,,,,,8.594,0
300,6,36,10:45:00,10:45:00,,,,,,11.78,1
300,7,37,10:47:00,10:47:00,,,,,,12.472,1
300,8,38,10:50:00,10:50:00,,,,,,12.91,1
300,9,39,10:55:00,10:55:00,,,,,,14.087,1
300,10,118,10:57:00,10:57:00,,,,,,15.429,1
300,11,40,10:59:26,10:59:26,,,,,,18.087,0
300,12,41,11:00:00,11:00:00,,,,,,18.711,1
300,13,425,11:05:00,11:05:00,,,,,,24.566,1
311,0,425,11:05:00,11:05:00,,,,,,0,1
311,1,102,11:09:14,11:09:14,,,,,,7.502,0
311,2,42,11:10:00,11:10:00,,,,,,8.876,1
311,3,43,11:15:00,11:15:00,,,,,,10.167,1
311,4,44,11:18:00,11:18:00,,,,,,10.609,1
311,5,36,11:20:00,11:20:00,,,,,,11.556,1
311,6,35,11:25:00,11:25:00,,,,,,12.295,1
311,7,74,11:26:53,11:26:53,,,,,,16.06,0
311,8,75,11:28:32,11:28:32,,,,,,19.36,0
311,9,76,11:28:57,11:28:57,,,,,,20.195,0
311,10,45,11:30:00,11:30:00,,,,,,22.308,1
301,0,33,11:30:00,11:30:00,,,,,,0.05,1
301,1,64,11:32:00,11:32:00,,,,,,2.205,1
301,2,65,11:35:00,11:35:00,,,,,,3.022,1
301,3,66,11:37:00,11:37:00,,,,,,6.659,1
301,4,35,11:40:00,11:40:00,,,,,,7.22,1
301,5,34,11:41:30,11:41:30,,,,,,8.594,0
301,6,36,11:45:00,11:45:00,,,,,,11.78,1
301,7,37,11:47:00,11:47:00,,,,,,12.472,1
301,8,38,11:50:00,11:50:00,,,,,,12.91,1
301,9,39,11:55:00,11:55:00,,,,,,14.087,1
301,10,118,11:57:00,11:57:00,,,,,,15.429,1
301,11,40,11:59:26,11:59:26,,,,,,18.087,0
301,12,41,12:00:00,12:00:00,,,,,,18.711,1
313,0,41,12:00:00,12:00:00,,,,,,5.982,1
313,1,102,12:03:00,12:03:00,,,,,,7.867,1
313,2,42,12:05:00,12:05:00,,,,,,9.24,1
313,3,43,12:10:00,12:10:00,,,,,,10.532,1
313,4,44,12:13:00,12:13:00,,,,,,10.973,1
313,5,36,12:15:00,12:15:00,,,,,,11.92,1
313,6,35,12:20:00,12:20:00,,,,,,12.66,1
313,7,74,12:21:53,12:21:53,,,,,,16.425,0
313,8,75,12:23:32,12:23:32,,,,,,19.725,0
313,9,76,12:23:57,12:23:57,,,,,,20.56,0
313,10,45,12:25:00,12:25:00,,,,,,22.672,1
302,0,33,12:30:00,12:30:00,,,,,,0.05,1
302,1,64,12:32:00,12:32:00,,,,,,2.205,1
302,2,65,12:35:00,12:35:00,,,,,,3.022,1
302,3,66,12:37:00,12:37:00,,,,,,6.659,1
302,4,35,12:40:00,12:40:00,,,,,,7.22,1
302,5,34,12:41:30,12:41:30,,,,,,8.594,0
302,6,36,12:45:00,12:45:00,,,,,,11.78,1
302,7,37,12:47:00,12:47:00,,,,,,12.472,1
302,8,38,12:50:00,12:50:00,,,,,,12.91,1
302,9,39,12:55:00,12:55:00,,,,,,14.087,1
302,10,118,12:57:00,12:57:00,,,,,,15.429,1
302,11,40,12:59:26,12:59:26,,,,,,18.087,0
302,12,41,13:00:00,13:00:00,,,,,,18.711,1
314,0,41,13:00:00,13:00:00,,,,,,5.982,1
314,1,102,13:02:54,13:02:54,,,,,,7.867,0
314,2,42,13:05:00,13:05:00,,,,,,9.24,1
314,3,43,13:10:00,13:10:00,,,,,,10.532,1
314,4,44,13:13:00,13:13:00,,,,,,10.973,1
314,5,36,13:15:00,13:15:00,,,,,,11.92,1
314,6,35,13:20:00,13:20:00,,,,,,12.66,1
314,7,74,13:21:53,13:21:53,,,,,,16.425,0
314,8,75,13:23:32,13:23:32,,,,,,19.725,0
314,9,76,13:23:57,13:23:57,,,,,,20.56,0
314,10,45,13:25:00,13:25:00,,,,,,22.672,1
303,0,33,13:30:00,13:30:00,,,,,,0.05,1
303,1,64,13:32:00,13:32:00,,,,,,2.205,1
303,2,65,13:35:00,13:35:00,,,,,,3.022,1
303,3,66,13:37:00,13:37:00,,,,,,6.659,1
303,4,35,13:40:00,13:40:00,,,,,,7.22,1
303,5,34,13:42:00,13:42:00,,,,,,8.594,1
303,6,36,13:45:00,13:45:00,,,,,,11.78,1
303,7,37,13:47:00,13:47:00,,,,,,12.472,1
303,8,38,13:50:00,13:50:00,,,,,,12.91,1
303,9,39,13:55:00,13:55:00,,,,,,14.087,1
303,10,118,13:57:00,13:57:00,,,,,,15.429,1
303,11,40,13:59:26,13:59:26,,,,,,18.087,0
303,12,41,14:00:00,14:00:00,,,,,,18.711,1
315,0,41,14:00:00,14:00:00,,,,,,5.982,1
315,1,102,14:02:54,14:02:54,,,,,,7.867,0
315,2,42,14:05:00,14:05:00,,,,,,9.24,1
315,3,43,14:10:00,14:10:00,,,,,,10.532,1
315,4,44,14:13:00,14:13:00,,,,,,10.973,1
315,5,36,14:15:00,14:15:00,,,,,,11.92,1
315,6,35,14:20:00,14:20:00,,,,,,12.66,1
315,7,74,14:21:53,14:21:53,,,,,,16.425,0
315,8,75,14:23:32,14:23:32,,,,,,19.725,0
315,9,76,14:23:57,14:23:57,,,,,,20.56,0
315,10,45,14:25:00,14:25:00,,,,,,22.672,1
304,0,33,14:30:00,14:30:00,,,,,,0.05,1
304,1,64,14:33:38,14:33:38,,,,,,2.205,0
304,2,65,14:35:00,14:35:00,,,,,,3.022,1
304,3,66,14:37:00,14:37:00,,,,,,6.659,1
304,4,35,14:40:00,14:40:00,,,,,,7.22,1
304,5,34,14:42:00,14:42:00,,,,,,8.594,1
304,6,36,14:45:00,14:45:00,,,,,,11.78,1
304,7,37,14:47:17,14:47:17,,,,,,12.472,0
304,8,38,14:48:43,14:48:43,,,,,,12.91,0
304,9,39,14:52:35,14:52:35,,,,,,14.087,0
304,10,118,14:57:00,14:57:00,,,,,,15.429,1
304,11,40,14:59:26,14:59:26,,,,,,18.087,0
304,12,41,15:00:00,15:00:00,,,,,,18.711,1
304,13,425,15:05:00,15:05:00,,,,,,24.566,1
316,0,425,15:05:00,15:05:00,,,,,,0,1
316,1,102,15:09:14,15:09:14,,,,,,7.502,0
316,2,42,15:10:00,15:10:00,,,,,,8.876,1
316,3,43,15:15:00,15:15:00,,,,,,10.167,1
316,4,44,15:18:00,15:18:00,,,,,,10.609,1
316,5,36,15:20:00,15:20:00,,,,,,11.556,1
316,6,35,15:25:00,15:25:00,,,,,,12.295,1
316,7,74,15:26:53,15:26:53,,,,,,16.06,0
316,8,75,15:28:32,15:28:32,,,,,,19.36,0
316,9,76,15:28:57,15:28:57,,,,,,20.195,0
316,10,45,15:30:00,15:30:00,,,,,,22.308,1
305,0,33,15:30:00,15:30:00,,,,,,0.05,1
305,1,64,15:32:00,15:32:00,,,,,,2.205,1
305,2,65,15:35:00,15:35:00,,,,,,3.022,1
305,3,66,15:37:00,15:37:00,,,,,,6.659,1
305,4,35,15:40:00,15:40:00,,,,,,7.22,1
305,5,34,15:41:30,15:41:30,,,,,,8.594,0
305,6,36,15:45:00,15:45:00,,,,,,11.78,1
305,7,37,15:47:00,15:47:00,,,,,,12.472,1
305,8,38,15:50:00,15:50:00,,,,,,12.91,1
305,9,39,15:55:00,15:55:00,,,,,,14.087,1
305,10,118,15:57:00,15:57:00,,,,,,15.429,1
305,11,40,15:59:26,15:59:26,,,,,,18.087,0
305,12,41,16:00:00,16:00:00,,,,,,18.711,1
317,0,41,16:00:00,16:00:00,,,,,,5.982,1
317,1,102,16:02:54,16:02:54,,,,,,7.867,0
317,2,42,16:05:00,16:05:00,,,,,,9.24,1
317,3,43,16:10:00,16:10:00,,,,,,10.532,1
317,4,44,16:13:00,16:13:00,,,,,,10.973,1
317,5,36,16:15:00,16:15:00,,,,,,11.92,1
317,6,35,16:20:00,16:20:00,,,,,,12.66,1
317,7,74,16:21:53,16:21:53,,,,,,16.425,0
317,8,75,16:23:32,16:23:32,,,,,,19.725,0
317,9,76,16:23:57,16:23:57,,,,,,20.56,0
317,10,45,16:25:00,16:25:00,,,,,,22.672,1
306,0,33,16:30:00,16:30:00,,,,,,0.05,1
306,1,64,16:32:00,16:32:00,,,,,,2.205,1
306,2,65,16:35:00,16:35:00,,,,,,3.022,1
306,3,66,16:37:00,16:37:00,,,,,,6.659,1
306,4,35,16:40:00,16:40:00,,,,,,7.22,1
306,5,34,16:41:30,16:41:30,,,,,,8.594,0
306,6,36,16:45:00,16:45:00,,,,,,11.78,1
306,7,37,16:47:00,16:47:00,,,,,,12.472,1
306,8,38,16:51:00,16:51:00,,,,,,12.91,1
306,9,39,16:55:00,16:55:00,,,,,,14.087,1
306,10,118,16:57:00,16:57:00,,,,,,15.429,1
306,11,40,16:59:26,16:59:26,,,,,,18.087,0
306,12,41,17:00:00,17:00:00,,,,,,18.711,1
318,0,41,17:00:00,17:00:00,,,,,,5.982,1
318,1,102,17:03:00,17:03:00,,,,,,7.867,1
318,2,42,17:05:00,17:05:00,,,,,,9.24,1
318,3,43,17:10:00,17:10:00,,,,,,10.532,1
318,4,44,17:13:00,17:13:00,,,,,,10.973,1
318,5,36,17:15:00,17:15:00,,,,,,11.92,1
318,6,35,17:20:00,17:20:00,,,,,,12.66,1
318,7,74,17:21:53,17:21:53,,,,,,16.425,0
318,8,75,17:23:32,17:23:32,,,,,,19.725,0
318,9,76,17:23:57,17:23:57,,,,,,20.56,0
318,10,45,17:25:00,17:25:00,,,,,,22.672,1
623,0,83,15:21:00,15:21:00,,,,,,0,1
623,1,412,15:26:34,15:26:34,,,,,,2.649,0
623,2,413,15:30:00,15:30:00,,,,,,4.289,1
623,3,426,15:31:00,15:31:00,,,,,,4.894,1
623,4,116,16:16:00,16:16:00,,,,,,51.554,1
623_fall,0,83,15:21:00,15:21:00,,,,,,0,1
623_fall,1,412,15:26:34,15:26:34,,,,,,2.649,0
623_fall,2,413,15:30:00,15:30:00,,,,,,4.289,1
623_fall,3,426,15:31:00,15:31:00,,,,,,4.894,1
623_fall,4,116,16:16:00,16:16:00,,,,,,51.554,1
625,0,128,14:30:00,14:30:00,,,,,,0.261,1
625,1,427,14:45:00,14:45:00,,,,,,12.272,1
625,2,428,14:50:00,14:50:00,,,,,,13.199,1
625,3,429,15:05:00,15:05:00,,,,,,21.593,1
625,4,436,15:20:00,15:20:00,,,,,,32.54,1
625,5,432,15:25:00,15:25:00,,,,,,34.719,1
627,0,430,07:30:00,07:30:00,,,,,,0,1
627,1,431,07:35:00,07:35:00,,,,,,2.169,1
627,2,433,07:50:00,07:50:00,,,,,,13.138,1
627,3,434,07:55:00,07:55:00,,,,,,21.566,1
627,4,435,08:00:00,08:00:00,,,,,,22.426,1
627,5,136,08:15:00,08:15:00,,,,,,34.407,1
625_fall,0,128,14:30:00,14:30:00,,,,,,0.261,1
625_fall,1,427,14:45:00,14:45:00,,,,,,12.272,1
625_fall,2,428,14:50:00,14:50:00,,,,,,13.199,1
625_fall,3,429,15:05:00,15:05:00,,,,,,21.593,1
625_fall,4,436,15:20:00,15:20:00,,,,,,32.54,1
625_fall,5,432,15:25:00,15:25:00,,,,,,34.719,1
627_fall,0,430,07:30:00,07:30:00,,,,,,0,1
627_fall,1,431,07:35:00,07:35:00,,,,,,2.169,1
627_fall,2,433,07:50:00,07:50:00,,,,,,13.138,1
627_fall,3,434,07:55:00,07:55:00,,,,,,21.566,1
627_fall,4,435,08:00:00,08:00:00,,,,,,22.426,1
627_fall,5,136,08:15:00,08:15:00,,,,,,34.407,1
1_0_0540_1,1,58,05:40:00,05:40:00,Mo'oheau Bus Terminal (329 Kamehameha Ave),,,,,1.772,1
1_0_0540_1,2,1,05:41:00,05:41:00,Kekaulike St,,,,,2.112,1
1_0_0540_1,3,86,05:44:00,05:44:00,Wainaku,,,,,2.861,1
1_0_0540_1,4,87,05:45:00,05:45:00,Papaikou at Mill Rd,,,,,3.278,1
1_0_0540_1,5,59,05:50:00,05:50:00,Papaikou Post Office,,,,,9.623,1
1_0_0540_1,6,88,05:51:00,05:51:00,Papaikou Kalanianaole Elementary,,,,,9.778,1
1_0_0540_1,7,89,05:52:00,05:52:00,Pepeekeo Hwy 19 @ Kuliaimano St,,,,,10.459,1
1_0_0540_1,8,90,05:56:00,05:56:00,Pepeekeo Kulaimano Apartments,,,,,15.149,1
1_0_0540_1,9,53,05:57:00,05:57:00,Honomu Hwy 19 @ Across from Honomu Rd/Hwy 220,,,,,16.174,1
1_0_0540_1,10,293,06:01:00,06:01:00,Honomu Rd Old Mamalahoa Hwy,,,,,21.413,1
1_0_0540_1,11,52,06:03:00,06:03:00,Hakalau Hwy 19 @ Old Mamalahoa Hwy at (Overpass),,,,,22.078,1
1_0_0540_1,12,61,06:06:00,06:06:00,Ninole Hwy 19 @ U.S. Post Office,,,,,25.456,1
1_0_0540_1,13,294,06:09:00,06:09:00,Papaaloa Hwy 19 @ across Kahawailani Place (Overpass),,,,,32.196,1
1_0_0540_1,14,295,06:16:00,06:16:00,Laupahoehoe,,,,,40.473,1
1_0_0540_1,15,62,06:16:32,06:16:32,Lauapahoehoe Highway 19 @ Old Mamalahoa Hwy at (Overpass),,,,,41.778,0
1_0_0540_1,16,296,06:18:33,06:18:33,Paaulio,,,,,48.443,1
1_0_0540_1,17,63,06:33:33,06:33:33,Plumeria Street @ Honoka'a Hospital,,,,,59.255,1
1_0_0540_1,18,46,06:47:33,06:47:33,Akia St @ Honoka’a Park (across Hauoli Senior Housing),,,,,71.743,1
1_0_0540_1,19,47,06:53:33,06:53:33,Mamane Street @ Pakalana Street (nearside),,,,,72.242,1
1_0_0540_1,20,297,06:54:33,06:54:33,Waimea Lakeland,,,,,72.87,1
1_0_0540_1,21,33,07:09:19,07:09:19,Waimea Nani Waimea St,,,,,90.667,0
1_0_0540_1,22,64,07:11:06,07:11:06,Waimea Kipahele St,,,,,92.819,0
1_0_0540_1,23,65,07:11:47,07:11:47,Waimea Atlas Recycling,,,,,93.636,0
1_0_0540_1,24,66,07:14:49,07:14:49,Highway 19 @ Pukalani Rd,,,,,97.294,0
1_0_0540_1,25,36,07:16:33,07:16:33,Waimea Shell Gas Station,,,,,99.386,1
1_0_0540_1,26,91,07:19:33,07:19:33,Waimea Kohala Airport,,,,,99.849,1
1_0_0540_1,27,298,07:32:33,07:32:33,Waikoloa Pyramid Stone,,,2,2,102.53,1
1_0_0540_1,28,282,07:38:20,07:38:20,Puu Lani Ranch,,,,,117.549,1
1_0_0540_1,29,299,07:54:55,07:54:55,Kona Palisades Upper Kaiminani Drive,,,,,132.358,0
1_0_0540_1,30,283,08:18:20,08:18:20,Kealakehe Jack Hall,,,,,153.258,1
1_0_0540_1,31,284,08:23:20,08:23:20,Kealakehe Kealakehe Elementary Crosswalk,,,,,159.038,1
1_0_0540_1,32,285,08:23:47,08:23:47,Kamakeha Avenue @ Keahuolu Courthouse,,,,,159.447,0
1_0_0540_1,33,71,08:28:20,08:28:20,Luhia Street @ Loloku Street (Target),,,,,163.657,1
1_0_0540_1,34,83,08:30:20,08:30:20,,,,,,164.785,1
1_0_0930_2,1,58,09:30:00,09:30:00,Mo'oheau Bus Terminal (329 Kamehameha Ave),,,,,1.772,1
1_0_0930_2,2,1,09:31:00,09:31:00,Kekaulike St,,,,,2.112,1
1_0_0930_2,3,86,09:34:00,09:34:00,Wainaku,,,,,2.861,1
1_0_0930_2,4,87,09:35:00,09:35:00,Papaikou at Mill Rd,,,,,3.278,1
1_0_0930_2,5,59,09:40:00,09:40:00,Papaikou Post Office,,,,,9.623,1
1_0_0930_2,6,88,09:41:00,09:41:00,Papaikou Kalanianaole Elementary,,,,,9.778,1
1_0_0930_2,7,89,09:42:00,09:42:00,Pepeekeo Hwy 19 @ Kuliaimano St,,,,,10.459,1
1_0_0930_2,8,90,09:46:00,09:46:00,Pepeekeo Kulaimano Apartments,,,,,15.149,1
1_0_0930_2,9,53,09:47:00,09:47:00,Honomu Hwy 19 @ Across from Honomu Rd/Hwy 220,,,,,16.174,1
1_0_0930_2,10,293,09:51:00,09:51:00,Honomu Rd Old Mamalahoa Hwy,,,,,21.413,1
1_0_0930_2,11,52,09:53:00,09:53:00,Hakalau Hwy 19 @ Old Mamalahoa Hwy at (Overpass),,,,,22.078,1
1_0_0930_2,12,61,09:56:00,09:56:00,Ninole Hwy 19 @ U.S. Post Office,,,,,25.456,1
1_0_0930_2,13,294,09:59:00,09:59:00,Papaaloa Hwy 19 @ across Kahawailani Place (Overpass),,,,,32.196,1
1_0_0930_2,14,295,10:06:00,10:06:00,Laupahoehoe,,,,,40.473,1
1_0_0930_2,15,62,10:06:32,10:06:32,Lauapahoehoe Highway 19 @ Old Mamalahoa Hwy at (Overpass),,,,,41.778,0
1_0_0930_2,16,296,10:08:33,10:08:33,Paaulio,,,,,48.443,1
1_0_0930_2,17,63,10:23:33,10:23:33,Plumeria Street @ Honoka'a Hospital,,,,,59.255,1
1_0_0930_2,18,46,10:37:33,10:37:33,Akia St @ Honoka’a Park (across Hauoli Senior Housing),,,,,71.743,1
1_0_0930_2,19,47,10:43:33,10:43:33,Mamane Street @ Pakalana Street (nearside),,,,,72.242,1
1_0_0930_2,20,297,10:44:33,10:44:33,Waimea Lakeland,,,,,72.87,1
1_0_0930_2,21,33,10:59:19,10:59:19,Waimea Nani Waimea St,,,,,90.667,0
1_0_0930_2,22,64,11:01:06,11:01:06,Waimea Kipahele St,,,,,92.819,0
1_0_0930_2,23,65,11:01:47,11:01:47,Waimea Atlas Recycling,,,,,93.636,0
1_0_0930_2,24,66,11:04:49,11:04:49,Highway 19 @ Pukalani Rd,,,,,97.294,0
1_0_0930_2,25,36,11:06:33,11:06:33,Waimea Shell Gas Station,,,,,99.386,1
1_0_0930_2,26,91,11:09:33,11:09:33,Waimea Kohala Airport,,,,,99.849,1
1_0_0930_2,27,298,11:22:33,11:22:33,Waikoloa Pyramid Stone,,,2,2,102.53,1
1_0_0930_2,28,282,11:28:20,11:28:20,Puu Lani Ranch,,,,,117.549,1
1_0_0930_2,29,299,11:44:55,11:44:55,Kona Palisades Upper Kaiminani Drive,,,,,132.358,0
1_0_0930_2,30,283,12:08:20,12:08:20,Kealakehe Jack Hall,,,,,153.258,1
1_0_0930_2,31,284,12:13:20,12:13:20,Kealakehe Kealakehe Elementary Crosswalk,,,,,159.038,1
1_0_0930_2,32,285,12:13:47,12:13:47,Kamakeha Avenue @ Keahuolu Courthouse,,,,,159.447,0
1_0_0930_2,33,71,12:18:20,12:18:20,Luhia Street @ Loloku Street (Target),,,,,163.657,1
1_0_0930_2,34,83,12:20:20,12:20:20,,,,,,164.785,1
1_0_1644_3,1,58,16:44:00,16:44:00,Mo'oheau Bus Terminal (329 Kamehameha Ave),,,,,1.772,1
1_0_1644_3,2,1,16:45:00,16:45:00,Kekaulike St,,,,,2.112,1
1_0_1644_3,3,86,16:48:00,16:48:00,Wainaku,,,,,2.861,1
1_0_1644_3,4,87,16:49:00,16:49:00,Papaikou at Mill Rd,,,,,3.278,1
1_0_1644_3,5,59,16:54:00,16:54:00,Papaikou Post Office,,,,,9.623,1
1_0_1644_3,6,88,16:55:00,16:55:00,Papaikou Kalanianaole Elementary,,,,,9.778,1
1_0_1644_3,7,89,16:56:00,16:56:00,Pepeekeo Hwy 19 @ Kuliaimano St,,,,,10.459,1
1_0_1644_3,8,90,17:00:00,17:00:00,Pepeekeo Kulaimano Apartments,,,,,15.149,1
1_0_1644_3,9,53,17:01:00,17:01:00,Honomu Hwy 19 @ Across from Honomu Rd/Hwy 220,,,,,16.174,1
1_0_1644_3,10,293,17:05:00,17:05:00,Honomu Rd Old Mamalahoa Hwy,,,,,21.413,1
1_0_1644_3,11,52,17:07:00,17:07:00,Hakalau Hwy 19 @ Old Mamalahoa Hwy at (Overpass),,,,,22.078,1
1_0_1644_3,12,61,17:10:00,17:10:00,Ninole Hwy 19 @ U.S. Post Office,,,,,25.456,1
1_0_1644_3,13,294,17:13:00,17:13:00,Papaaloa Hwy 19 @ across Kahawailani Place (Overpass),,,,,32.196,1
1_0_1644_3,14,295,17:20:00,17:20:00,Laupahoehoe,,,,,40.473,1
1_0_1644_3,15,62,17:20:32,17:20:32,Lauapahoehoe Highway 19 @ Old Mamalahoa Hwy at (Overpass),,,,,41.778,0
1_0_1644_3,16,296,17:22:33,17:22:33,Paaulio,,,,,48.443,1
1_0_1644_3,17,63,17:37:33,17:37:33,Plumeria Street @ Honoka'a Hospital,,,,,59.255,1
1_0_1644_3,18,46,17:51:33,17:51:33,Akia St @ Honoka’a Park (across Hauoli Senior Housing),,,,,71.743,1
1_0_1644_3,19,47,17:57:33,17:57:33,Mamane Street @ Pakalana Street (nearside),,,,,72.242,1
1_0_1644_3,20,297,17:58:33,17:58:33,Waimea Lakeland,,,,,72.87,1
1_0_1644_3,21,33,18:13:19,18:13:19,Waimea Nani Waimea St,,,,,90.667,0
1_0_1644_3,22,64,18:15:06,18:15:06,Waimea Kipahele St,,,,,92.819,0
1_0_1644_3,23,65,18:15:47,18:15:47,Waimea Atlas Recycling,,,,,93.636,0
1_0_1644_3,24,66,18:18:49,18:18:49,Highway 19 @ Pukalani Rd,,,,,97.294,0
1_0_1644_3,25,36,18:20:33,18:20:33,Waimea Shell Gas Station,,,,,99.386,1
1_0_1644_3,26,91,18:23:33,18:23:33,Waimea Kohala Airport,,,,,99.849,1
1_0_1644_3,27,298,18:36:33,18:36:33,Waikoloa Pyramid Stone,,,2,2,102.53,1
1_0_1644_3,28,282,18:42:20,18:42:20,Puu Lani Ranch,,,,,117.549,1
1_0_1644_3,29,299,18:58:55,18:58:55,Kona Palisades Upper Kaiminani Drive,,,,,132.358,0
1_0_1644_3,30,283,19:22:20,19:22:20,Kealakehe Jack Hall,,,,,153.258,1
1_0_1644_3,31,284,19:27:20,19:27:20,Kealakehe Kealakehe Elementary Crosswalk,,,,,159.038,1
1_0_1644_3,32,285,19:27:47,19:27:47,Kamakeha Avenue @ Keahuolu Courthouse,,,,,159.447,0
1_0_1644_3,33,71,19:32:20,19:32:20,Luhia Street @ Loloku Street (Target),,,,,163.657,1
1_0_1644_3,34,83,19:34:20,19:34:20,,,,,,164.785,1
1_1_1245_1,1,292,12:45:00,12:45:00,,,,,,0,1
1_1_1245_1,2,58,12:50:00,12:50:00,Mo'oheau Bus Terminal (329 Kamehameha Ave),,,,,1.772,1
1_1_1245_1,3,1,12:51:15,12:51:15,Kekaulike St,,,,,2.112,0
1_1_1245_1,4,86,12:54:00,12:54:00,Wainaku,,,,,2.861,1
1_1_1245_1,5,87,12:55:00,12:55:00,Papaikou at Mill Rd,,,,,3.278,1
1_1_1245_1,6,59,13:00:00,13:00:00,Papaikou Post Office,,,,,9.623,1
1_1_1245_1,7,88,13:01:00,13:01:00,Papaikou Kalanianaole Elementary,,,,,9.778,1
1_1_1245_1,8,89,13:02:00,13:02:00,Pepeekeo Hwy 19 @ Kuliaimano St,,,,,10.459,1
1_1_1245_1,9,90,13:06:23,13:06:23,Pepeekeo Kulaimano Apartments,,,,,15.149,0
1_1_1245_1,10,53,13:07:20,13:07:20,Honomu Hwy 19 @ Across from Honomu Rd/Hwy 220,,,,,16.174,0
1_1_1245_1,11,293,13:12:14,13:12:14,Honomu Rd Old Mamalahoa Hwy,,,,,21.413,0
1_1_1245_1,12,52,13:12:51,13:12:51,Hakalau Hwy 19 @ Old Mamalahoa Hwy at (Overpass),,,,,22.078,0
1_1_1245_1,13,61,13:16:00,13:16:00,Ninole Hwy 19 @ U.S. Post Office,,,,,25.456,1
1_1_1245_1,14,294,13:19:00,13:19:00,Papaaloa Hwy 19 @ across Kahawailani Place (Overpass),,,,,32.196,1
1_1_1245_1,15,295,13:26:00,13:26:00,Laupahoehoe Route 19 @ Mamalahoa Hwy (Overpass),,,,,40.473,1
1_1_1245_1,16,62,13:26:32,13:26:32,Lauapahoehoe Highway 19 @ Old Mamalahoa Hwy at (Overpass),,,,,41.778,1
1_1_1245_1,17,296,13:28:33,13:28:33,Paaulio,,,,,48.443,1
1_1_1245_1,18,63,13:39:13,13:39:13,Plumeria Street @ Honoka'a Hospital,,,,,59.255,0
1_1_1245_1,19,46,13:51:33,13:51:33,Akia St @ Honoka’a Park (across Hauoli Senior Housing),,,,,71.743,1
1_1_1245_1,20,47,13:57:33,13:57:33,Mamane Street @ Pakalana Street (nearside),,,,,72.242,1
1_1_1245_1,21,297,13:58:33,13:58:33,Waimea Lakeland,,,,,72.87,1
1_1_1245_1,22,33,14:13:19,14:13:19,Waimea Nani Waimea St,,,,,90.667,1
1_1_1245_1,23,64,14:15:06,14:15:06,Waimea Kipahele St,,,,,92.819,1
1_1_1245_1,24,65,14:15:47,14:15:47,Waimea Atlas Recycling,,,,,93.636,1
1_1_1245_1,25,66,14:18:49,14:18:49,Highway 19 @ Pukalani Rd,,,,,97.294,1
1_1_1245_1,26,36,14:20:33,14:20:33,Waimea Shell Gas Station,,,,,99.386,1
1_1_1245_1,27,91,14:23:33,14:23:33,Waimea Kohala Airport,,,,,99.849,1
1_1_1245_1,28,298,14:36:33,14:36:33,Waikoloa Pyramid Stone,,,,,102.53,1
1_1_1245_1,29,282,14:42:20,14:42:20,Puu Lani Ranch,,,,,117.549,1
1_1_1245_1,30,299,14:58:55,14:58:55,Kona Palisades Upper Kaiminani Drive,,,,,132.358,1
1_1_1245_1,31,283,15:22:20,15:22:20,Kealakehe Jack Hall,,,,,153.258,1
1_1_1245_1,32,284,15:27:20,15:27:20,Kealakehe Kealakehe Elementary Crosswalk,,,,,159.038,1
1_1_1245_1,33,285,15:27:47,15:27:47,Kamakeha Avenue @ Keahuolu Courthouse,,,,,159.447,1
1_1_1245_1,34,71,15:32:20,15:32:20,Luhia Street @ Loloku Street (Target),,,,,163.657,1
1_1_1245_1,35,83,15:34:20,15:34:20,,,,,,164.785,1
2_0_0500_1,1,292,05:00:00,05:00:00,,,,,,0,1
2_0_0500_1,2,58,05:05:00,05:05:00,,,,,,1.761,1
2_0_0500_1,3,1,05:07:00,05:07:00,,,,,,2.107,1
2_0_0500_1,4,221,05:09:00,05:09:00,,,,,,3.717,1
2_0_0500_1,5,304,05:12:00,05:12:00,,,,,,5.73,1
2_0_0500_1,6,244,05:14:09,05:14:09,,,,,,7.975,1
2_0_0500_1,7,305,05:16:38,05:16:38,,,,,,10.582,1
2_0_0500_1,8,306,05:21:17,05:21:17,,,,,,15.45,1
2_0_0500_1,9,307,06:01:00,06:01:00,,,,,,57.071,1
2_0_0500_1,10,93,06:41:00,06:41:00,,,,,,99.956,1
2_0_0500_1,11,67,06:51:00,06:51:00,,,,,,111.842,1
2_0_0500_1,12,68,06:54:00,06:54:00,,,,,,113.048,1
2_0_0500_1,13,85,07:10:00,07:10:00,,,,,,133.974,1
2_0_0500_1,14,132,07:25:00,07:25:00,,,,,,148.225,1
2_0_0500_1,15,144,07:40:00,07:40:00,,,,,,158.427,1
2_0_0500_1,16,410,07:41:00,07:41:00,,,,,,160.449,1
2_0_0500_1,17,411,07:42:04,07:42:04,,,,,,160.844,0
2_0_0500_1,18,83,07:50:00,07:50:00,,,,,,163.76,1
2_0_1315_2,1,292,13:15:00,13:15:00,,,,,,0,1
2_0_1315_2,2,58,13:20:00,13:20:00,,,,,,1.761,1
2_0_1315_2,3,1,13:22:00,13:22:00,,,,,,2.107,1
2_0_1315_2,4,221,13:24:00,13:24:00,,,,,,3.717,1
2_0_1315_2,5,304,13:27:00,13:27:00,,,,,,5.73,1
2_0_1315_2,6,244,13:29:09,13:29:09,,,,,,7.975,1
2_0_1315_2,7,305,13:31:38,13:31:38,,,,,,10.582,1
2_0_1315_2,8,306,13:36:17,13:36:17,,,,,,15.45,1
2_0_1315_2,9,307,14:16:00,14:16:00,,,,,,57.071,1
2_0_1315_2,10,93,14:56:00,14:56:00,,,,,,99.956,1
2_0_1315_2,11,67,15:06:00,15:06:00,,,,,,111.842,1
2_0_1315_2,12,68,15:09:00,15:09:00,,,,,,113.048,1
2_0_1315_2,13,85,15:25:00,15:25:00,,,,,,133.974,1
2_0_1315_2,14,132,15:40:00,15:40:00,,,,,,148.225,1
2_0_1315_2,15,144,15:55:00,15:55:00,,,,,,158.427,1
2_0_1315_2,16,410,15:56:00,15:56:00,,,,,,160.449,1
2_0_1315_2,17,411,15:57:04,15:57:04,,,,,,160.844,0
2_0_1315_2,18,83,16:05:00,16:05:00,,,,,,163.76,1
2_1_1330_1,1,83,13:30:00,13:30:00,,,,,,163.76,1
2_1_1330_1,2,411,13:22:04,13:22:04,,,,,,160.844,0
2_1_1330_1,3,410,13:21:00,13:21:00,,,,,,160.449,1
2_1_1330_1,4,144,13:20:00,13:20:00,,,,,,158.427,1
2_1_1330_1,5,132,13:05:00,13:05:00,,,,,,148.225,1
2_1_1330_1,6,85,12:50:00,12:50:00,,,,,,133.974,1
2_1_1330_1,7,68,12:34:00,12:34:00,,,,,,113.048,1
2_1_1330_1,8,67,12:31:00,12:31:00,,,,,,111.842,1
2_1_1330_1,9,93,12:21:00,12:21:00,,,,,,99.956,1
2_1_1330_1,10,307,11:41:00,11:41:00,,,,,,57.071,1
2_1_1330_1,11,306,11:01:17,11:01:17,,,,,,15.45,0
2_1_1330_1,12,305,10:56:38,10:56:38,,,,,,10.582,0
2_1_1330_1,13,244,10:54:09,10:54:09,,,,,,7.975,0
2_1_1330_1,14,304,10:52:00,10:52:00,,,,,,5.73,1
2_1_1330_1,15,221,10:49:00,10:49:00,,,,,,3.717,1
2_1_1330_1,16,1,10:47:00,10:47:00,,,,,,2.107,1
2_1_1330_1,17,58,10:45:00,10:45:00,,,,,,1.761,1
2_1_1330_1,18,292,10:40:00,10:40:00,,,,,,0,1
2_1_1700_2,1,83,17:00:00,17:00:00,,,,,,163.76,1
2_1_1700_2,2,411,16:52:04,16:52:04,,,,,,160.844,0
2_1_1700_2,3,410,16:51:00,16:51:00,,,,,,160.449,1
2_1_1700_2,4,144,16:50:00,16:50:00,,,,,,158.427,1
2_1_1700_2,5,132,16:35:00,16:35:00,,,,,,148.225,1
2_1_1700_2,6,85,16:20:00,16:20:00,,,,,,133.974,1
2_1_1700_2,7,68,16:04:00,16:04:00,,,,,,113.048,1
2_1_1700_2,8,67,16:01:00,16:01:00,,,,,,111.842,1
2_1_1700_2,9,93,15:51:00,15:51:00,,,,,,99.956,1
2_1_1700_2,10,307,15:11:00,15:11:00,,,,,,57.071,1
2_1_1700_2,11,306,14:31:17,14:31:17,,,,,,15.45,0
2_1_1700_2,12,305,14:26:38,14:26:38,,,,,,10.582,0
2_1_1700_2,13,244,14:24:09,14:24:09,,,,,,7.975,0
2_1_1700_2,14,304,14:22:00,14:22:00,,,,,,5.73,1
2_1_1700_2,15,221,14:19:00,14:19:00,,,,,,3.717,1
2_1_1700_2,16,1,14:17:00,14:17:00,,,,,,2.107,1
2_1_1700_2,17,58,14:15:00,14:15:00,,,,,,1.761,1
2_1_1700_2,18,292,14:10:00,14:10:00,,,,,,0,1
10_0_1530_1,1,1,15:30:00,15:30:00,,,,,,0,1
10_0_1530_1,2,2,15:34:00,15:34:00,,,,,,1.047,1
10_0_1530_1,3,3,15:34:04,15:34:04,,,,,,1.212,1
10_0_1530_1,4,4,15:36:04,15:36:04,,,,,,2.262,1
10_0_1530_1,5,6,15:39:04,15:39:04,,,,,,3.239,1
10_0_1530_1,6,7,15:40:04,15:40:04,,,,,,3.696,1
10_0_1530_1,7,8,15:41:04,15:41:04,,,,,,4.381,1
10_0_1530_1,8,9,15:41:19,15:41:19,,,,,,5.058,1
10_0_1530_1,9,10,15:45:19,15:45:19,,,,,,7.842,1
10_0_1530_1,10,11,15:46:19,15:46:19,,,,,,8.128,1
10_0_1530_1,11,316,15:47:19,15:47:19,,,,,,9.453,1
10_0_1530_1,12,12,15:56:19,15:56:19,,,,,,17.83,1
10_0_1530_1,13,317,16:01:19,16:01:19,,,,,,20.636,1
10_0_1530_1,14,13,16:01:47,16:01:47,,,,,,21.815,1
10_0_1530_1,15,404,16:06:47,16:06:47,,,,,,27.798,1
10_0_1530_1,16,14,16:11:47,16:11:47,,,,,,28.945,1
10_0_1530_1,17,15,16:21:47,16:21:47,,,,,,37.639,1
10_0_1530_1,18,415,16:28:47,16:28:47,,,,,,48.959,1
10_0_1530_1,19,17,16:29:47,16:29:47,,,,,,49.408,1
10_0_1530_1,20,18,16:30:04,16:30:04,,,,,,50.113,1
10_0_1530_1,21,19,16:40:04,16:40:04,,,,,,52.265,1
10_0_1530_1,22,120,17:15:04,17:15:04,,,,,,90.861,1
10_0_1530_1,23,121,17:25:04,17:25:04,,,,,,100.708,1
10_0_1530_1,24,319,17:33:04,17:33:04,,,,,,108.729,1
10_0_1530_1,25,122,17:40:04,17:40:04,,,,,,113.486,1
10_0_1530_1,26,320,17:41:04,17:41:04,,,,,,114.262,1
10_0_1530_1,27,123,17:45:04,17:45:04,,,,,,116.947,1
10_0_1530_1,28,124,18:05:04,18:05:04,,,,,,135.703,1
10_1_0640_1,1,124,06:40:00,06:40:00,,,,,,0,1
10_1_0640_1,2,139,07:00:00,07:00:00,,,,,,18.769,1
10_1_0640_1,3,311,07:05:00,07:05:00,,,,,,21.47,1
10_1_0640_1,4,140,07:07:00,07:07:00,,,,,,22.178,1
10_1_0640_1,5,312,07:12:00,07:12:00,,,,,,27,1
10_1_0640_1,6,141,07:20:00,07:20:00,,,,,,35.466,1
10_1_0640_1,7,120,07:30:00,07:30:00,,,,,,44.47,1
10_1_0640_1,8,19,08:10:00,08:10:00,,,,,,82.608,1
10_1_0640_1,9,414,08:11:00,08:11:00,,,,,,84.957,1
10_1_0640_1,10,20,08:11:30,08:11:30,,,,,,85.634,1
10_1_0640_1,11,21,08:12:00,08:12:00,,,,,,86.107,1
10_1_0640_1,12,22,08:16:18,08:16:18,,,,,,97.476,1
10_1_0640_1,13,23,08:25:18,08:25:18,,,,,,105.858,1
10_1_0640_1,14,318,08:27:18,08:27:18,,,,,,107.283,1
10_1_0640_1,15,24,08:30:18,08:30:18,,,,,,113.228,1
10_1_0640_1,16,315,08:32:18,08:32:18,,,,,,114.387,1
10_1_0640_1,17,26,08:35:18,08:35:18,,,,,,117.39,1
10_1_0640_1,18,10,08:40:18,08:40:18,,,,,,127.738,1
10_1_0640_1,19,11,08:45:18,08:45:18,,,,,,128.025,1
10_1_0640_1,20,27,08:45:42,08:45:42,,,,,,129.994,1
10_1_0640_1,21,28,08:49:42,08:49:42,,,,,,130.404,1
10_1_0640_1,22,29,08:50:42,08:50:42,,,,,,130.655,1
10_1_0640_1,23,420,08:55:42,08:55:42,,,,,,131.325,1
10_1_0640_1,24,421,08:56:42,08:56:42,,,,,,131.901,1
10_1_0640_1,25,30,09:00:42,09:00:42,,,,,,132.781,1
10_1_0640_1,26,2,09:03:42,09:03:42,,,,,,134.156,1
10_1_0640_1,27,3,09:04:22,09:04:22,,,,,,134.315,1
10_1_0640_1,28,1,09:08:42,09:08:42,,,,,,135.851,1
11_0_0500_1,1,1,05:00:00,05:00:00,,,,,,0,1
11_0_0500_1,2,2,05:04:00,05:04:00,,,,,,1.04,1
11_0_0500_1,3,3,05:04:04,05:04:04,,,,,,1.225,1
11_0_0500_1,4,4,05:06:04,05:06:04,,,,,,2.263,1
11_0_0500_1,5,6,05:08:04,05:08:04,,,,,,3.225,1
11_0_0500_1,6,7,05:11:04,05:11:04,,,,,,3.682,1
11_0_0500_1,7,8,05:12:04,05:12:04,,,,,,4.378,1
11_0_0500_1,8,9,05:12:19,05:12:19,,,,,,5.027,1
11_0_0500_1,9,10,05:16:19,05:16:19,,,,,,6.305,1
11_0_0500_1,10,11,05:17:19,05:17:19,,,,,,6.736,1
11_0_0500_1,11,316,05:18:19,05:18:19,,,,,,8.086,1
11_0_0500_1,12,12,05:27:19,05:27:19,,,,,,16.468,1
11_0_0500_1,13,317,05:30:52,05:30:52,,,,,,19.295,0
11_0_0500_1,14,13,05:32:19,05:32:19,,,,,,20.441,1
11_0_0500_1,15,404,05:37:19,05:37:19,,,,,,26.446,1
11_0_0500_1,16,14,05:42:19,05:42:19,,,,,,27.633,1
11_0_0500_1,17,15,05:52:19,05:52:19,,,,,,36.306,1
11_0_0500_1,18,415,05:59:19,05:59:19,,,,,,47.654,1
11_0_0500_1,19,17,06:00:19,06:00:19,,,,,,48.094,1
11_0_0500_1,20,18,06:01:19,06:01:19,,,,,,48.792,1
11_0_0500_1,21,19,06:10:19,06:10:19,,,,,,50.952,1
11_0_0740_2,1,1,07:40:00,07:40:00,,,,,,0,1
11_0_0740_2,2,2,07:44:00,07:44:00,,,,,,1.04,1
11_0_0740_2,3,3,07:44:04,07:44:04,,,,,,1.225,1
11_0_0740_2,4,4,07:46:04,07:46:04,,,,,,2.263,1
11_0_0740_2,5,6,07:48:04,07:48:04,,,,,,3.225,1
11_0_0740_2,6,7,07:51:04,07:51:04,,,,,,3.682,1
11_0_0740_2,7,8,07:52:04,07:52:04,,,,,,4.378,1
11_0_0740_2,8,9,07:52:19,07:52:19,,,,,,5.027,1
11_0_0740_2,9,10,07:56:19,07:56:19,,,,,,6.305,1
11_0_0740_2,10,11,07:57:19,07:57:19,,,,,,6.736,1
11_0_0740_2,11,316,07:58:19,07:58:19,,,,,,8.086,1
11_0_0740_2,12,12,08:07:19,08:07:19,,,,,,16.468,1
11_0_0740_2,13,317,08:10:52,08:10:52,,,,,,19.295,0
11_0_0740_2,14,13,08:12:19,08:12:19,,,,,,20.441,1
11_0_0740_2,15,404,08:17:19,08:17:19,,,,,,26.446,1
11_0_0740_2,16,14,08:22:19,08:22:19,,,,,,27.633,1
11_0_0740_2,17,15,08:32:19,08:32:19,,,,,,36.306,1
11_0_0740_2,18,415,08:39:19,08:39:19,,,,,,47.654,1
11_0_0740_2,19,17,08:40:19,08:40:19,,,,,,48.094,1
11_0_0740_2,20,18,08:41:19,08:41:19,,,,,,48.792,1
11_0_0740_2,21,19,08:50:19,08:50:19,,,,,,50.952,1
11_0_1040_3,1,1,10:40:00,10:40:00,,,,,,0,1
11_0_1040_3,2,2,10:44:00,10:44:00,,,,,,1.04,1
11_0_1040_3,3,3,10:44:04,10:44:04,,,,,,1.225,1
11_0_1040_3,4,4,10:46:04,10:46:04,,,,,,2.263,1
11_0_1040_3,5,6,10:48:04,10:48:04,,,,,,3.225,1
11_0_1040_3,6,7,10:51:04,10:51:04,,,,,,3.682,1
11_0_1040_3,7,8,10:52:04,10:52:04,,,,,,4.378,1
11_0_1040_3,8,9,10:52:19,10:52:19,,,,,,5.027,1
11_0_1040_3,9,10,10:56:19,10:56:19,,,,,,6.305,1
11_0_1040_3,10,11,10:57:19,10:57:19,,,,,,6.736,1
11_0_1040_3,11,316,10:58:19,10:58:19,,,,,,8.086,1
11_0_1040_3,12,12,11:07:19,11:07:19,,,,,,16.468,1
11_0_1040_3,13,317,11:10:52,11:10:52,,,,,,19.295,0
11_0_1040_3,14,13,11:12:19,11:12:19,,,,,,20.441,1
11_0_1040_3,15,404,11:17:19,11:17:19,,,,,,26.446,1
11_0_1040_3,16,14,11:22:19,11:22:19,,,,,,27.633,1
11_0_1040_3,17,15,11:32:19,11:32:19,,,,,,36.306,1
11_0_1040_3,18,415,11:39:19,11:39:19,,,,,,47.654,1
11_0_1040_3,19,17,11:40:19,11:40:19,,,,,,48.094,1
11_0_1040_3,20,18,11:41:19,11:41:19,,,,,,48.792,1
11_0_1040_3,21,19,11:50:19,11:50:19,,,,,,50.952,1
11_0_1340_4,1,1,13:40:00,13:40:00,,,,,,0,1
11_0_1340_4,2,2,13:44:00,13:44:00,,,,,,1.04,1
11_0_1340_4,3,3,13:44:04,13:44:04,,,,,,1.225,1
11_0_1340_4,4,4,13:46:04,13:46:04,,,,,,2.263,1
11_0_1340_4,5,6,13:48:04,13:48:04,,,,,,3.225,1
11_0_1340_4,6,7,13:51:04,13:51:04,,,,,,3.682,1
11_0_1340_4,7,8,13:52:04,13:52:04,,,,,,4.378,1
11_0_1340_4,8,9,13:52:19,13:52:19,,,,,,5.027,1
11_0_1340_4,9,10,13:56:19,13:56:19,,,,,,6.305,1
11_0_1340_4,10,11,13:57:19,13:57:19,,,,,,6.736,1
11_0_1340_4,11,316,13:58:19,13:58:19,,,,,,8.086,1
11_0_1340_4,12,12,14:07:19,14:07:19,,,,,,16.468,1
11_0_1340_4,13,317,14:10:52,14:10:52,,,,,,19.295,0
11_0_1340_4,14,13,14:12:19,14:12:19,,,,,,20.441,1
11_0_1340_4,15,404,14:17:19,14:17:19,,,,,,26.446,1
11_0_1340_4,16,14,14:22:19,14:22:19,,,,,,27.633,1
11_0_1340_4,17,15,14:32:19,14:32:19,,,,,,36.306,1
11_0_1340_4,18,415,14:39:19,14:39:19,,,,,,47.654,1
11_0_1340_4,19,17,14:40:19,14:40:19,,,,,,48.094,1
11_0_1340_4,20,18,14:41:19,14:41:19,,,,,,48.792,1
11_0_1340_4,21,19,14:50:19,14:50:19,,,,,,50.952,1
11_0_1640_5,1,1,16:40:00,16:40:00,,,,,,0,1
11_0_1640_5,2,2,16:44:00,16:44:00,,,,,,1.04,1
11_0_1640_5,3,3,16:44:04,16:44:04,,,,,,1.225,1
11_0_1640_5,4,4,16:46:04,16:46:04,,,,,,2.263,1
11_0_1640_5,5,6,16:48:04,16:48:04,,,,,,3.225,1
11_0_1640_5,6,7,16:51:04,16:51:04,,,,,,3.682,1
11_0_1640_5,7,8,16:52:04,16:52:04,,,,,,4.378,1
11_0_1640_5,8,9,16:52:19,16:52:19,,,,,,5.027,1
11_0_1640_5,9,10,16:56:19,16:56:19,,,,,,6.305,1
11_0_1640_5,10,11,16:57:19,16:57:19,,,,,,6.736,1
11_0_1640_5,11,316,16:58:19,16:58:19,,,,,,8.086,1
11_0_1640_5,12,12,17:07:19,17:07:19,,,,,,16.468,1
11_0_1640_5,13,317,17:10:52,17:10:52,,,,,,19.295,0
11_0_1640_5,14,13,17:12:19,17:12:19,,,,,,20.441,1
11_0_1640_5,15,404,17:17:19,17:17:19,,,,,,26.446,1
11_0_1640_5,16,14,17:22:19,17:22:19,,,,,,27.633,1
11_0_1640_5,17,15,17:32:19,17:32:19,,,,,,36.306,1
11_0_1640_5,18,415,17:39:19,17:39:19,,,,,,47.654,1
11_0_1640_5,19,17,17:40:19,17:40:19,,,,,,48.094,1
11_0_1640_5,20,18,17:41:19,17:41:19,,,,,,48.792,1
11_0_1640_5,21,19,17:50:19,17:50:19,,,,,,50.952,1
11_1_0615_1,1,19,06:15:00,06:15:00,,,,,,0,1
11_1_0615_1,2,414,06:18:00,06:18:00,,,,,,2.34,1
11_1_0615_1,3,20,06:20:00,06:20:00,,,,,,3.022,1
11_1_0615_1,4,21,06:20:15,06:20:15,,,,,,3.497,1
11_1_0615_1,5,16,06:21:00,06:21:00,,,,,,4.167,1
11_1_0615_1,6,22,06:27:00,06:27:00,,,,,,17.358,1
11_1_0615_1,7,23,06:33:00,06:33:00,,,,,,25.74,1
11_1_0615_1,8,318,06:36:00,06:36:00,,,,,,27.198,1
11_1_0615_1,9,389,06:38:00,06:38:00,,,,,,31.828,1
11_1_0615_1,10,24,06:43:00,06:43:00,,,,,,33.11,1
11_1_0615_1,11,315,06:44:00,06:44:00,,,,,,34.269,1
11_1_0615_1,12,25,06:48:00,06:48:00,,,,,,37.119,1
11_1_0615_1,13,26,06:49:00,06:49:00,,,,,,37.272,1
11_1_0615_1,14,10,07:01:00,07:01:00,,,,,,47.621,1
11_1_0615_1,15,11,07:02:00,07:02:00,,,,,,47.907,1
11_1_0615_1,16,27,07:06:00,07:06:00,,,,,,49.877,1
11_1_0615_1,17,28,07:06:30,07:06:30,,,,,,50.286,1
11_1_0615_1,18,29,07:07:00,07:07:00,,,,,,50.537,1
11_1_0615_1,19,420,07:08:00,07:08:00,,,,,,51.209,1
11_1_0615_1,20,421,07:11:00,07:11:00,,,,,,51.778,1
11_1_0615_1,21,30,07:15:00,07:15:00,,,,,,52.663,1
11_1_0615_1,22,2,07:18:00,07:18:00,,,,,,54.027,1
11_1_0615_1,23,3,07:19:00,07:19:00,,,,,,54.187,1
11_1_0615_1,24,1,07:22:00,07:22:00,,,,,,55.73,1
11_1_0915_2,1,19,09:15:00,09:15:00,,,,,,0,1
11_1_0915_2,2,414,09:18:00,09:18:00,,,,,,2.34,1
11_1_0915_2,3,20,09:20:00,09:20:00,,,,,,3.022,1
11_1_0915_2,4,21,09:20:15,09:20:15,,,,,,3.497,1
11_1_0915_2,5,16,09:21:00,09:21:00,,,,,,4.167,1
11_1_0915_2,6,22,09:27:00,09:27:00,,,,,,17.358,1
11_1_0915_2,7,23,09:33:00,09:33:00,,,,,,25.74,1
11_1_0915_2,8,318,09:36:00,09:36:00,,,,,,27.198,1
11_1_0915_2,9,389,09:38:00,09:38:00,,,,,,31.828,1
11_1_0915_2,10,24,09:43:00,09:43:00,,,,,,33.11,1
11_1_0915_2,11,315,09:44:00,09:44:00,,,,,,34.269,1
11_1_0915_2,12,25,09:48:00,09:48:00,,,,,,37.119,1
11_1_0915_2,13,26,09:49:00,09:49:00,,,,,,37.272,1
11_1_0915_2,14,10,10:01:00,10:01:00,,,,,,47.621,1
11_1_0915_2,15,11,10:02:00,10:02:00,,,,,,47.907,1
11_1_0915_2,16,27,10:06:00,10:06:00,,,,,,49.877,1
11_1_0915_2,17,28,10:06:30,10:06:30,,,,,,50.286,1
11_1_0915_2,18,29,10:07:00,10:07:00,,,,,,50.537,1
11_1_0915_2,19,420,10:08:00,10:08:00,,,,,,51.209,1
11_1_0915_2,20,421,10:11:00,10:11:00,,,,,,51.778,1
11_1_0915_2,21,30,10:15:00,10:15:00,,,,,,52.663,1
11_1_0915_2,22,2,10:18:00,10:18:00,,,,,,54.027,1
11_1_0915_2,23,3,10:19:00,10:19:00,,,,,,54.187,1
11_1_0915_2,24,1,10:22:00,10:22:00,,,,,,55.73,1
11_1_1215_3,1,19,12:15:00,12:15:00,,,,,,0,1
11_1_1215_3,2,414,12:18:00,12:18:00,,,,,,2.34,1
11_1_1215_3,3,20,12:20:00,12:20:00,,,,,,3.022,1
11_1_1215_3,4,21,12:20:15,12:20:15,,,,,,3.497,1
11_1_1215_3,5,16,12:21:00,12:21:00,,,,,,4.167,1
11_1_1215_3,6,22,12:27:00,12:27:00,,,,,,17.358,1
11_1_1215_3,7,23,12:33:00,12:33:00,,,,,,25.74,1
11_1_1215_3,8,318,12:36:00,12:36:00,,,,,,27.198,1
11_1_1215_3,9,389,12:38:00,12:38:00,,,,,,31.828,1
11_1_1215_3,10,24,12:43:00,12:43:00,,,,,,33.11,1
11_1_1215_3,11,315,12:44:00,12:44:00,,,,,,34.269,1
11_1_1215_3,12,25,12:48:00,12:48:00,,,,,,37.119,1
11_1_1215_3,13,26,12:49:00,12:49:00,,,,,,37.272,1
11_1_1215_3,14,10,13:01:00,13:01:00,,,,,,47.621,1
11_1_1215_3,15,11,13:02:00,13:02:00,,,,,,47.907,1
11_1_1215_3,16,27,13:06:00,13:06:00,,,,,,49.877,1
11_1_1215_3,17,28,13:06:30,13:06:30,,,,,,50.286,1
11_1_1215_3,18,29,13:07:00,13:07:00,,,,,,50.537,1
11_1_1215_3,19,420,13:08:00,13:08:00,,,,,,51.209,1
11_1_1215_3,20,421,13:11:00,13:11:00,,,,,,51.778,1
11_1_1215_3,21,30,13:15:00,13:15:00,,,,,,52.663,1
11_1_1215_3,22,2,13:18:00,13:18:00,,,,,,54.027,1
11_1_1215_3,23,3,13:19:00,13:19:00,,,,,,54.187,1
11_1_1215_3,24,1,13:22:00,13:22:00,,,,,,55.73,1
11_1_1515_4,1,19,15:15:00,15:15:00,,,,,,0,1
11_1_1515_4,2,414,15:18:00,15:18:00,,,,,,2.34,1
11_1_1515_4,3,20,15:20:00,15:20:00,,,,,,3.022,1
11_1_1515_4,4,21,15:20:15,15:20:15,,,,,,3.497,1
11_1_1515_4,5,16,15:21:00,15:21:00,,,,,,4.167,1
11_1_1515_4,6,22,15:27:00,15:27:00,,,,,,17.358,1
11_1_1515_4,7,23,15:33:00,15:33:00,,,,,,25.74,1
11_1_1515_4,8,318,15:36:00,15:36:00,,,,,,27.198,1
11_1_1515_4,9,389,15:38:00,15:38:00,,,,,,31.828,1
11_1_1515_4,10,24,15:43:00,15:43:00,,,,,,33.11,1
11_1_1515_4,11,315,15:44:00,15:44:00,,,,,,34.269,1
11_1_1515_4,12,25,15:48:00,15:48:00,,,,,,37.119,1
11_1_1515_4,13,26,15:49:00,15:49:00,,,,,,37.272,1
11_1_1515_4,14,10,16:01:00,16:01:00,,,,,,47.621,1
11_1_1515_4,15,11,16:02:00,16:02:00,,,,,,47.907,1
11_1_1515_4,16,27,16:06:00,16:06:00,,,,,,49.877,1
11_1_1515_4,17,28,16:06:30,16:06:30,,,,,,50.286,1
11_1_1515_4,18,29,16:07:00,16:07:00,,,,,,50.537,1
11_1_1515_4,19,420,16:08:00,16:08:00,,,,,,51.209,1
11_1_1515_4,20,421,16:11:00,16:11:00,,,,,,51.778,1
11_1_1515_4,21,30,16:15:00,16:15:00,,,,,,52.663,1
11_1_1515_4,22,2,16:18:00,16:18:00,,,,,,54.027,1
11_1_1515_4,23,3,16:19:00,16:19:00,,,,,,54.187,1
11_1_1515_4,24,1,16:22:00,16:22:00,,,,,,55.73,1
11_1_1815_5,1,19,18:15:00,18:15:00,,,,,,0,1
11_1_1815_5,2,414,18:18:00,18:18:00,,,,,,2.34,1
11_1_1815_5,3,20,18:20:00,18:20:00,,,,,,3.022,1
11_1_1815_5,4,21,18:20:15,18:20:15,,,,,,3.497,1
11_1_1815_5,5,16,18:21:00,18:21:00,,,,,,4.167,1
11_1_1815_5,6,22,18:27:00,18:27:00,,,,,,17.358,1
11_1_1815_5,7,23,18:33:00,18:33:00,,,,,,25.74,1
11_1_1815_5,8,318,18:36:00,18:36:00,,,,,,27.198,1
11_1_1815_5,9,389,18:38:00,18:38:00,,,,,,31.828,1
11_1_1815_5,10,24,18:43:00,18:43:00,,,,,,33.11,1
11_1_1815_5,11,315,18:44:00,18:44:00,,,,,,34.269,1
11_1_1815_5,12,25,18:48:00,18:48:00,,,,,,37.119,1
11_1_1815_5,13,26,18:49:00,18:49:00,,,,,,37.272,1
11_1_1815_5,14,10,19:01:00,19:01:00,,,,,,47.621,1
11_1_1815_5,15,11,19:02:00,19:02:00,,,,,,47.907,1
11_1_1815_5,16,27,19:06:00,19:06:00,,,,,,49.877,1
11_1_1815_5,17,28,19:06:30,19:06:30,,,,,,50.286,1
11_1_1815_5,18,29,19:07:00,19:07:00,,,,,,50.537,1
11_1_1815_5,19,420,19:08:00,19:08:00,,,,,,51.209,1
11_1_1815_5,20,421,19:11:00,19:11:00,,,,,,51.778,1
11_1_1815_5,21,30,19:15:00,19:15:00,,,,,,52.663,1
11_1_1815_5,22,2,19:18:00,19:18:00,,,,,,54.027,1
11_1_1815_5,23,3,19:19:00,19:19:00,,,,,,54.187,1
11_1_1815_5,24,1,19:22:00,19:22:00,,,,,,55.73,1
12_0_1202_1,1,124,12:02:00,12:02:00,,,,,,0,1
12_0_1202_1,2,139,12:22:00,12:22:00,,,,,,18.761,1
12_0_1202_1,3,311,12:25:00,12:25:00,,,,,,21.432,1
12_0_1202_1,4,140,12:27:00,12:27:00,,,,,,22.174,1
12_0_1202_1,5,312,12:30:28,12:30:28,,,,,,26.977,0
12_0_1202_1,6,141,12:37:00,12:37:00,,,,,,36.006,1
12_0_1202_1,7,120,12:52:00,12:52:00,,,,,,46.595,1
12_0_1202_1,8,19,13:32:01,13:32:01,,,,,,84.751,1
12_0_1202_1,9,20,13:32:55,13:32:55,,,,,,87.789,0
12_0_1202_1,10,21,13:33:06,13:33:06,,,,,,88.223,1
12_0_1202_1,11,16,13:34:06,13:34:06,,,,,,88.893,1
12_0_1530_2,1,124,15:30:00,15:30:00,,,,,,0,1
12_0_1530_2,2,139,15:50:00,15:50:00,,,,,,18.761,1
12_0_1530_2,3,311,15:53:00,15:53:00,,,,,,21.432,1
12_0_1530_2,4,140,15:55:00,15:55:00,,,,,,22.174,1
12_0_1530_2,5,312,15:58:28,15:58:28,,,,,,26.977,0
12_0_1530_2,6,141,16:05:00,16:05:00,,,,,,36.006,1
12_0_1530_2,7,120,16:20:00,16:20:00,,,,,,46.595,1
12_0_1530_2,8,19,17:00:01,17:00:01,,,,,,84.751,1
12_0_1530_2,9,20,17:00:55,17:00:55,,,,,,87.789,0
12_0_1530_2,10,21,17:01:06,17:01:06,,,,,,88.223,1
12_0_1530_2,11,16,17:02:06,17:02:06,,,,,,88.893,1
12_1_1030_1,1,16,10:30:00,10:30:00,,,,,,0,1
12_1_1030_1,2,415,10:31:00,10:31:00,,,,,,2.836,1
12_1_1030_1,3,17,10:36:00,10:36:00,,,,,,3.265,1
12_1_1030_1,4,18,10:38:00,10:38:00,,,,,,3.984,1
12_1_1030_1,5,19,10:41:00,10:41:00,,,,,,6.144,1
12_1_1030_1,6,120,11:16:00,11:16:00,,,,,,44.427,1
12_1_1030_1,7,121,11:26:00,11:26:00,,,,,,54.053,1
12_1_1030_1,8,319,11:33:00,11:33:00,,,,,,62.072,1
12_1_1030_1,9,122,11:41:00,11:41:00,,,,,,66.844,1
12_1_1030_1,10,320,11:44:00,11:44:00,,,,,,67.599,1
12_1_1030_1,11,123,11:46:00,11:46:00,,,,,,70.308,1
12_1_1030_1,12,124,12:06:00,12:06:00,,,,,,89.25,1
12_1_1345_2,1,16,13:45:00,13:45:00,,,,,,0,1
12_1_1345_2,2,415,13:46:00,13:46:00,,,,,,2.836,1
12_1_1345_2,3,17,13:51:00,13:51:00,,,,,,3.265,1
12_1_1345_2,4,18,13:53:00,13:53:00,,,,,,3.984,1
12_1_1345_2,5,19,13:56:00,13:56:00,,,,,,6.144,1
12_1_1345_2,6,120,14:31:00,14:31:00,,,,,,44.427,1
12_1_1345_2,7,121,14:41:00,14:41:00,,,,,,54.053,1
12_1_1345_2,8,319,14:48:00,14:48:00,,,,,,62.072,1
12_1_1345_2,9,122,14:56:00,14:56:00,,,,,,66.844,1
12_1_1345_2,10,320,14:59:00,14:59:00,,,,,,67.599,1
12_1_1345_2,11,123,15:01:00,15:01:00,,,,,,70.308,1
12_1_1345_2,12,124,15:21:00,15:21:00,,,,,,89.25,1
40_0_0630_1,1,1,06:30:00,06:30:00,,,,,,0,1
40_0_0630_1,2,10,06:41:00,06:41:00,,,,,,6.783,1
40_0_0630_1,3,11,06:42:00,06:42:00,,,,,,7.069,1
40_0_0630_1,4,316,06:43:00,06:43:00,,,,,,8.344,1
40_0_0630_1,5,180,06:52:00,06:52:00,,,,,,16.795,1
40_0_0630_1,6,181,06:53:00,06:53:00,,,,,,17.731,1
40_0_0630_1,7,182,06:54:00,06:54:00,,,,,,18.171,1
40_0_0630_1,8,183,07:00:00,07:00:00,,,,,,22.875,1
40_0_0630_1,9,184,07:02:00,07:02:00,,,,,,24.596,1
40_0_0630_1,10,185,07:04:00,07:04:00,,,,,,26.309,1
40_0_0630_1,11,328,07:06:00,07:06:00,,,,,,27.966,1
40_0_0630_1,12,186,07:07:00,07:07:00,,,,,,28.489,1
40_0_0630_1,13,200,07:22:00,07:22:00,,,,,,33.435,1
40_0_0830_2,1,1,08:30:00,08:30:00,,,,,,0,1
40_0_0830_2,2,10,08:41:00,08:41:00,,,,,,6.783,1
40_0_0830_2,3,11,08:42:00,08:42:00,,,,,,7.069,1
40_0_0830_2,4,316,08:43:00,08:43:00,,,,,,8.344,1
40_0_0830_2,5,180,08:52:00,08:52:00,,,,,,16.795,1
40_0_0830_2,6,181,08:53:00,08:53:00,,,,,,17.731,1
40_0_0830_2,7,182,08:54:00,08:54:00,,,,,,18.171,1
40_0_0830_2,8,183,09:00:00,09:00:00,,,,,,22.875,1
40_0_0830_2,9,184,09:02:00,09:02:00,,,,,,24.596,1
40_0_0830_2,10,185,09:04:00,09:04:00,,,,,,26.309,1
40_0_0830_2,11,328,09:06:00,09:06:00,,,,,,27.966,1
40_0_0830_2,12,186,09:07:00,09:07:00,,,,,,28.489,1
40_0_0830_2,13,200,09:22:00,09:22:00,,,,,,33.435,1
40_0_1030_3,1,1,10:30:00,10:30:00,,,,,,0,1
40_0_1030_3,2,10,10:41:00,10:41:00,,,,,,6.783,1
40_0_1030_3,3,11,10:42:00,10:42:00,,,,,,7.069,1
40_0_1030_3,4,316,10:43:00,10:43:00,,,,,,8.344,1
40_0_1030_3,5,180,10:52:00,10:52:00,,,,,,16.795,1
40_0_1030_3,6,181,10:53:00,10:53:00,,,,,,17.731,1
40_0_1030_3,7,182,10:54:00,10:54:00,,,,,,18.171,1
40_0_1030_3,8,183,11:00:00,11:00:00,,,,,,22.875,1
40_0_1030_3,9,184,11:02:00,11:02:00,,,,,,24.596,1
40_0_1030_3,10,185,11:04:00,11:04:00,,,,,,26.309,1
40_0_1030_3,11,328,11:06:00,11:06:00,,,,,,27.966,1
40_0_1030_3,12,186,11:07:00,11:07:00,,,,,,28.489,1
40_0_1030_3,13,200,11:22:00,11:22:00,,,,,,33.435,1
40_0_1230_4,1,1,12:30:00,12:30:00,,,,,,0,1
40_0_1230_4,2,10,12:41:00,12:41:00,,,,,,6.783,1
40_0_1230_4,3,11,12:42:00,12:42:00,,,,,,7.069,1
40_0_1230_4,4,316,12:43:00,12:43:00,,,,,,8.344,1
40_0_1230_4,5,180,12:52:00,12:52:00,,,,,,16.795,1
40_0_1230_4,6,181,12:53:00,12:53:00,,,,,,17.731,1
40_0_1230_4,7,182,12:54:00,12:54:00,,,,,,18.171,1
40_0_1230_4,8,183,13:00:00,13:00:00,,,,,,22.875,1
40_0_1230_4,9,184,13:02:00,13:02:00,,,,,,24.596,1
40_0_1230_4,10,185,13:04:00,13:04:00,,,,,,26.309,1
40_0_1230_4,11,328,13:06:00,13:06:00,,,,,,27.966,1
40_0_1230_4,12,186,13:07:00,13:07:00,,,,,,28.489,1
40_0_1230_4,13,200,13:22:00,13:22:00,,,,,,33.435,1
40_0_1430_5,1,1,14:30:00,14:30:00,,,,,,0,1
40_0_1430_5,2,10,14:41:00,14:41:00,,,,,,6.783,1
40_0_1430_5,3,11,14:42:00,14:42:00,,,,,,7.069,1
40_0_1430_5,4,316,14:43:00,14:43:00,,,,,,8.344,1
40_0_1430_5,5,180,14:52:00,14:52:00,,,,,,16.795,1
40_0_1430_5,6,181,14:53:00,14:53:00,,,,,,17.731,1
40_0_1430_5,7,182,14:54:00,14:54:00,,,,,,18.171,1
40_0_1430_5,8,183,15:00:00,15:00:00,,,,,,22.875,1
40_0_1430_5,9,184,15:02:00,15:02:00,,,,,,24.596,1
40_0_1430_5,10,185,15:04:00,15:04:00,,,,,,26.309,1
40_0_1430_5,11,328,15:06:00,15:06:00,,,,,,27.966,1
40_0_1430_5,12,186,15:07:00,15:07:00,,,,,,28.489,1
40_0_1430_5,13,200,15:22:00,15:22:00,,,,,,33.435,1
40_0_1630_6,1,1,16:30:00,16:30:00,,,,,,0,1
40_0_1630_6,2,10,16:41:00,16:41:00,,,,,,6.783,1
40_0_1630_6,3,11,16:42:00,16:42:00,,,,,,7.069,1
40_0_1630_6,4,316,16:43:00,16:43:00,,,,,,8.344,1
40_0_1630_6,5,180,16:52:00,16:52:00,,,,,,16.795,1
40_0_1630_6,6,181,16:53:00,16:53:00,,,,,,17.731,1
40_0_1630_6,7,182,16:54:00,16:54:00,,,,,,18.171,1
40_0_1630_6,8,183,17:00:00,17:00:00,,,,,,22.875,1
40_0_1630_6,9,184,17:02:00,17:02:00,,,,,,24.596,1
40_0_1630_6,10,185,17:04:00,17:04:00,,,,,,26.309,1
40_0_1630_6,11,328,17:06:00,17:06:00,,,,,,27.966,1
40_0_1630_6,12,186,17:07:00,17:07:00,,,,,,28.489,1
40_0_1630_6,13,200,17:22:00,17:22:00,,,,,,33.435,1
40_0_1830_7,1,1,18:30:00,18:30:00,,,,,,0,1
40_0_1830_7,2,10,18:41:00,18:41:00,,,,,,6.783,1
40_0_1830_7,3,11,18:42:00,18:42:00,,,,,,7.069,1
40_0_1830_7,4,316,18:43:00,18:43:00,,,,,,8.344,1
40_0_1830_7,5,180,18:52:00,18:52:00,,,,,,16.795,1
40_0_1830_7,6,181,18:53:00,18:53:00,,,,,,17.731,1
40_0_1830_7,7,182,18:54:00,18:54:00,,,,,,18.171,1
40_0_1830_7,8,183,19:00:00,19:00:00,,,,,,22.875,1
40_0_1830_7,9,184,19:02:00,19:02:00,,,,,,24.596,1
40_0_1830_7,10,185,19:04:00,19:04:00,,,,,,26.309,1
40_0_1830_7,11,328,19:06:00,19:06:00,,,,,,27.966,1
40_0_1830_7,12,186,19:07:00,19:07:00,,,,,,28.489,1
40_0_1830_7,13,200,19:22:00,19:22:00,,,,,,33.435,1
40_0_2030_8,1,1,20:30:00,20:30:00,,,,,,0,1
40_0_2030_8,2,10,20:41:00,20:41:00,,,,,,6.783,1
40_0_2030_8,3,11,20:42:00,20:42:00,,,,,,7.069,1
40_0_2030_8,4,316,20:43:00,20:43:00,,,,,,8.344,1
40_0_2030_8,5,180,20:52:00,20:52:00,,,,,,16.795,1
40_0_2030_8,6,181,20:53:00,20:53:00,,,,,,17.731,1
40_0_2030_8,7,182,20:54:00,20:54:00,,,,,,18.171,1
40_0_2030_8,8,183,21:00:00,21:00:00,,,,,,22.875,1
40_0_2030_8,9,184,21:02:00,21:02:00,,,,,,24.596,1
40_0_2030_8,10,185,21:04:00,21:04:00,,,,,,26.309,1
40_0_2030_8,11,328,21:06:00,21:06:00,,,,,,27.966,1
40_0_2030_8,12,186,21:07:00,21:07:00,,,,,,28.489,1
40_0_2030_8,13,200,21:22:00,21:22:00,,,,,,33.435,1
40_1_0530_1,1,200,05:30:00,05:30:00,,,,,,0.042,1
40_1_0530_1,2,201,05:31:00,05:31:00,,,,,,1.439,1
40_1_0530_1,3,202,05:32:00,05:32:00,,,,,,1.928,1
40_1_0530_1,4,321,05:35:00,05:35:00,,,,,,9.415,1
40_1_0530_1,5,322,05:38:00,05:38:00,,,,,,11.647,1
40_1_0530_1,6,323,05:39:00,05:39:00,,,,,,12.28,1
40_1_0530_1,7,324,05:40:00,05:40:00,,,,,,13.34,1
40_1_0530_1,8,326,05:42:00,05:42:00,,,,,,15.234,1
40_1_0530_1,9,179,05:46:00,05:46:00,,,,,,19.712,1
40_1_0530_1,10,327,05:47:00,05:47:00,,,,,,20.171,1
40_1_0530_1,11,26,05:50:00,05:50:00,,,,,,21.25,1
40_1_0530_1,12,10,06:04:00,06:04:00,,,,,,31.598,1
40_1_0530_1,13,11,06:05:00,06:05:00,,,,,,31.885,1
40_1_0530_1,14,1,06:17:00,06:17:00,,,,,,38.105,1
40_1_0730_2,1,200,07:30:00,07:30:00,,,,,,0.042,1
40_1_0730_2,2,201,07:31:00,07:31:00,,,,,,1.439,1
40_1_0730_2,3,202,07:32:00,07:32:00,,,,,,1.928,1
40_1_0730_2,4,321,07:35:00,07:35:00,,,,,,9.415,1
40_1_0730_2,5,322,07:38:00,07:38:00,,,,,,11.647,1
40_1_0730_2,6,323,07:39:00,07:39:00,,,,,,12.28,1
40_1_0730_2,7,324,07:40:00,07:40:00,,,,,,13.34,1
40_1_0730_2,8,326,07:42:00,07:42:00,,,,,,15.234,1
40_1_0730_2,9,179,07:46:00,07:46:00,,,,,,19.712,1
40_1_0730_2,10,327,07:47:00,07:47:00,,,,,,20.171,1
40_1_0730_2,11,26,07:50:00,07:50:00,,,,,,21.25,1
40_1_0730_2,12,10,08:04:00,08:04:00,,,,,,31.598,1
40_1_0730_2,13,11,08:05:00,08:05:00,,,,,,31.885,1
40_1_0730_2,14,1,08:17:00,08:17:00,,,,,,38.105,1
40_1_0930_3,1,200,09:30:00,09:30:00,,,,,,0.042,1
40_1_0930_3,2,201,09:31:00,09:31:00,,,,,,1.439,1
40_1_0930_3,3,202,09:32:00,09:32:00,,,,,,1.928,1
40_1_0930_3,4,321,09:35:00,09:35:00,,,,,,9.415,1
40_1_0930_3,5,322,09:38:00,09:38:00,,,,,,11.647,1
40_1_0930_3,6,323,09:39:00,09:39:00,,,,,,12.28,1
40_1_0930_3,7,324,09:40:00,09:40:00,,,,,,13.34,1
40_1_0930_3,8,326,09:42:00,09:42:00,,,,,,15.234,1
40_1_0930_3,9,179,09:46:00,09:46:00,,,,,,19.712,1
40_1_0930_3,10,327,09:47:00,09:47:00,,,,,,20.171,1
40_1_0930_3,11,26,09:50:00,09:50:00,,,,,,21.25,1
40_1_0930_3,12,10,10:04:00,10:04:00,,,,,,31.598,1
40_1_0930_3,13,11,10:05:00,10:05:00,,,,,,31.885,1
40_1_0930_3,14,1,10:17:00,10:17:00,,,,,,38.105,1
40_1_1130_4,1,200,11:30:00,11:30:00,,,,,,0.042,1
40_1_1130_4,2,201,11:31:00,11:31:00,,,,,,1.439,1
40_1_1130_4,3,202,11:32:00,11:32:00,,,,,,1.928,1
40_1_1130_4,4,321,11:35:00,11:35:00,,,,,,9.415,1
40_1_1130_4,5,322,11:38:00,11:38:00,,,,,,11.647,1
40_1_1130_4,6,323,11:39:00,11:39:00,,,,,,12.28,1
40_1_1130_4,7,324,11:40:00,11:40:00,,,,,,13.34,1
40_1_1130_4,8,326,11:42:00,11:42:00,,,,,,15.234,1
40_1_1130_4,9,179,11:46:00,11:46:00,,,,,,19.712,1
40_1_1130_4,10,327,11:47:00,11:47:00,,,,,,20.171,1
40_1_1130_4,11,26,11:50:00,11:50:00,,,,,,21.25,1
40_1_1130_4,12,10,12:04:00,12:04:00,,,,,,31.598,1
40_1_1130_4,13,11,12:05:00,12:05:00,,,,,,31.885,1
40_1_1130_4,14,1,12:17:00,12:17:00,,,,,,38.105,1
40_1_1330_5,1,200,13:30:00,13:30:00,,,,,,0.042,1
40_1_1330_5,2,201,13:31:00,13:31:00,,,,,,1.439,1
40_1_1330_5,3,202,13:32:00,13:32:00,,,,,,1.928,1
40_1_1330_5,4,321,13:35:00,13:35:00,,,,,,9.415,1
40_1_1330_5,5,322,13:38:00,13:38:00,,,,,,11.647,1
40_1_1330_5,6,323,13:39:00,13:39:00,,,,,,12.28,1
40_1_1330_5,7,324,13:40:00,13:40:00,,,,,,13.34,1
40_1_1330_5,8,326,13:42:00,13:42:00,,,,,,15.234,1
40_1_1330_5,9,179,13:46:00,13:46:00,,,,,,19.712,1
40_1_1330_5,10,327,13:47:00,13:47:00,,,,,,20.171,1
40_1_1330_5,11,26,13:50:00,13:50:00,,,,,,21.25,1
40_1_1330_5,12,10,14:04:00,14:04:00,,,,,,31.598,1
40_1_1330_5,13,11,14:05:00,14:05:00,,,,,,31.885,1
40_1_1330_5,14,1,14:17:00,14:17:00,,,,,,38.105,1
40_1_1530_6,1,200,15:30:00,15:30:00,,,,,,0.042,1
40_1_1530_6,2,201,15:31:00,15:31:00,,,,,,1.439,1
40_1_1530_6,3,202,15:32:00,15:32:00,,,,,,1.928,1
40_1_1530_6,4,321,15:35:00,15:35:00,,,,,,9.415,1
40_1_1530_6,5,322,15:38:00,15:38:00,,,,,,11.647,1
40_1_1530_6,6,323,15:39:00,15:39:00,,,,,,12.28,1
40_1_1530_6,7,324,15:40:00,15:40:00,,,,,,13.34,1
40_1_1530_6,8,326,15:42:00,15:42:00,,,,,,15.234,1
40_1_1530_6,9,179,15:46:00,15:46:00,,,,,,19.712,1
40_1_1530_6,10,327,15:47:00,15:47:00,,,,,,20.171,1
40_1_1530_6,11,26,15:50:00,15:50:00,,,,,,21.25,1
40_1_1530_6,12,10,16:04:00,16:04:00,,,,,,31.598,1
40_1_1530_6,13,11,16:05:00,16:05:00,,,,,,31.885,1
40_1_1530_6,14,1,16:17:00,16:17:00,,,,,,38.105,1
40_1_1730_7,1,200,17:30:00,17:30:00,,,,,,0.042,1
40_1_1730_7,2,201,17:31:00,17:31:00,,,,,,1.439,1
40_1_1730_7,3,202,17:32:00,17:32:00,,,,,,1.928,1
40_1_1730_7,4,321,17:35:00,17:35:00,,,,,,9.415,1
40_1_1730_7,5,322,17:38:00,17:38:00,,,,,,11.647,1
40_1_1730_7,6,323,17:39:00,17:39:00,,,,,,12.28,1
40_1_1730_7,7,324,17:40:00,17:40:00,,,,,,13.34,1
40_1_1730_7,8,326,17:42:00,17:42:00,,,,,,15.234,1
40_1_1730_7,9,179,17:46:00,17:46:00,,,,,,19.712,1
40_1_1730_7,10,327,17:47:00,17:47:00,,,,,,20.171,1
40_1_1730_7,11,26,17:50:00,17:50:00,,,,,,21.25,1
40_1_1730_7,12,10,18:04:00,18:04:00,,,,,,31.598,1
40_1_1730_7,13,11,18:05:00,18:05:00,,,,,,31.885,1
40_1_1730_7,14,1,18:17:00,18:17:00,,,,,,38.105,1
40_1_1930_8,1,200,19:30:00,19:30:00,,,,,,0.042,1
40_1_1930_8,2,201,19:31:00,19:31:00,,,,,,1.439,1
40_1_1930_8,3,202,19:32:00,19:32:00,,,,,,1.928,1
40_1_1930_8,4,321,19:35:00,19:35:00,,,,,,9.415,1
40_1_1930_8,5,322,19:38:00,19:38:00,,,,,,11.647,1
40_1_1930_8,6,323,19:39:00,19:39:00,,,,,,12.28,1
40_1_1930_8,7,324,19:40:00,19:40:00,,,,,,13.34,1
40_1_1930_8,8,326,19:42:00,19:42:00,,,,,,15.234,1
40_1_1930_8,9,179,19:46:00,19:46:00,,,,,,19.712,1
40_1_1930_8,10,327,19:47:00,19:47:00,,,,,,20.171,1
40_1_1930_8,11,26,19:50:00,19:50:00,,,,,,21.25,1
40_1_1930_8,12,10,20:04:00,20:04:00,,,,,,31.598,1
40_1_1930_8,13,11,20:05:00,20:05:00,,,,,,31.885,1
40_1_1930_8,14,1,20:17:00,20:17:00,,,,,,38.105,1
40_1_2130_9,1,200,21:30:00,21:30:00,,,,,,0.042,1
40_1_2130_9,2,201,21:31:00,21:31:00,,,,,,1.439,1
40_1_2130_9,3,202,21:32:00,21:32:00,,,,,,1.928,1
40_1_2130_9,4,321,21:35:00,21:35:00,,,,,,9.415,1
40_1_2130_9,5,322,21:38:00,21:38:00,,,,,,11.647,1
40_1_2130_9,6,323,21:39:00,21:39:00,,,,,,12.28,1
40_1_2130_9,7,324,21:40:00,21:40:00,,,,,,13.34,1
40_1_2130_9,8,326,21:42:00,21:42:00,,,,,,15.234,1
40_1_2130_9,9,179,21:46:00,21:46:00,,,,,,19.712,1
40_1_2130_9,10,327,21:47:00,21:47:00,,,,,,20.171,1
40_1_2130_9,11,26,21:50:00,21:50:00,,,,,,21.25,1
40_1_2130_9,12,10,22:04:00,22:04:00,,,,,,31.598,1
40_1_2130_9,13,11,22:05:00,22:05:00,,,,,,31.885,1
40_1_2130_9,14,1,22:17:00,22:17:00,,,,,,38.105,1
80_0_0315_1,1,292,03:15:00,03:15:00,,,,,,0,1
80_0_0315_1,2,58,03:20:00,03:20:00,,,,,,1.749,1
80_0_0315_1,3,1,03:25:00,03:25:00,,,,,,2.085,1
80_0_0315_1,4,59,03:30:00,03:30:00,,,,,,8.98,1
80_0_0315_1,5,90,03:35:00,03:35:00,,,,,,14.529,1
80_0_0315_1,6,293,03:55:00,03:55:00,,,,,,20.041,1
80_0_0315_1,7,61,04:05:00,04:05:00,,,,,,22.723,1
80_0_0315_1,8,294,04:07:38,04:07:38,,,,,,29.461,1
80_0_0315_1,9,295,04:10:38,04:10:38,,,,,,37.737,1
80_0_0315_1,10,62,04:13:38,04:13:38,,,,,,39.042,1
80_0_0315_1,11,296,04:15:39,04:15:39,,,,,,45.66,1
80_0_0315_1,12,63,04:25:39,04:25:39,,,,,,56.519,1
80_0_0315_1,13,46,04:34:39,04:34:39,,,,,,69.007,1
80_0_0315_1,14,47,04:35:39,04:35:39,,,,,,69.505,1
80_0_0315_1,15,297,04:36:39,04:36:39,,,,,,70.134,1
80_0_0315_1,16,33,04:46:39,04:46:39,,,,,,87.931,1
80_0_0315_1,17,64,04:48:39,04:48:39,,,,,,90.083,1
80_0_0315_1,18,65,04:49:39,04:49:39,,,,,,90.9,1
80_0_0315_1,19,66,04:53:39,04:53:39,,,,,,94.558,1
80_0_0315_1,20,36,04:55:39,04:55:39,,,,,,96.649,1
80_0_0315_1,21,37,04:56:39,04:56:39,,,,,,97.341,1
80_0_0315_1,22,38,04:57:39,04:57:39,,,,,,97.779,1
80_0_0315_1,23,39,04:58:39,04:58:39,,,,,,98.956,1
80_0_0315_1,24,118,05:00:39,05:00:39,,,,,,100.298,1
80_0_0315_1,25,79,05:15:39,05:15:39,,,,,,116.575,1
80_0_0315_1,26,78,05:20:39,05:20:39,,,,,,119.96,1
80_0_0315_1,27,331,05:27:39,05:27:39,,,,,,129.298,1
80_0_0315_1,28,69,05:30:39,05:30:39,,,,,,131.273,1
80_0_0315_1,29,70,05:35:39,05:35:39,,,,,,132.837,1
80_0_0315_1,30,332,05:40:39,05:40:39,,,,,,134.705,1
80_0_0315_1,31,67,06:00:39,06:00:39,,,,,,143.404,1
80_0_0315_1,32,68,06:05:39,06:05:39,,,,,,144.609,1
80_0_0315_1,33,85,06:25:39,06:25:39,,,,,,165.538,1
80_0_0315_1,34,132,06:40:39,06:40:39,,,,,,179.667,1
80_0_0335_2,1,292,03:35:00,03:35:00,,,,,,0,1
80_0_0335_2,2,58,03:40:00,03:40:00,,,,,,1.749,1
80_0_0335_2,3,1,03:45:00,03:45:00,,,,,,2.085,1
80_0_0335_2,4,59,03:50:00,03:50:00,,,,,,8.98,1
80_0_0335_2,5,90,03:55:00,03:55:00,,,,,,14.529,1
80_0_0335_2,6,293,04:15:00,04:15:00,,,,,,20.041,1
80_0_0335_2,7,61,04:25:00,04:25:00,,,,,,22.723,1
80_0_0335_2,8,294,04:27:38,04:27:38,,,,,,29.461,1
80_0_0335_2,9,295,04:30:38,04:30:38,,,,,,37.737,1
80_0_0335_2,10,62,04:33:38,04:33:38,,,,,,39.042,1
80_0_0335_2,11,296,04:35:39,04:35:39,,,,,,45.66,1
80_0_0335_2,12,63,04:45:39,04:45:39,,,,,,56.519,1
80_0_0335_2,13,46,04:54:39,04:54:39,,,,,,69.007,1
80_0_0335_2,14,47,04:55:39,04:55:39,,,,,,69.505,1
80_0_0335_2,15,297,04:56:39,04:56:39,,,,,,70.134,1
80_0_0335_2,16,33,05:06:39,05:06:39,,,,,,87.931,1
80_0_0335_2,17,64,05:08:39,05:08:39,,,,,,90.083,1
80_0_0335_2,18,65,05:09:39,05:09:39,,,,,,90.9,1
80_0_0335_2,19,66,05:13:39,05:13:39,,,,,,94.558,1
80_0_0335_2,20,36,05:15:39,05:15:39,,,,,,96.649,1
80_0_0335_2,21,37,05:16:39,05:16:39,,,,,,97.341,1
80_0_0335_2,22,38,05:17:39,05:17:39,,,,,,97.779,1
80_0_0335_2,23,39,05:18:39,05:18:39,,,,,,98.956,1
80_0_0335_2,24,118,05:20:39,05:20:39,,,,,,100.298,1
80_0_0335_2,25,79,05:35:39,05:35:39,,,,,,116.575,1
80_0_0335_2,26,78,05:40:39,05:40:39,,,,,,119.96,1
80_0_0335_2,27,331,05:47:39,05:47:39,,,,,,129.298,1
80_0_0335_2,28,69,05:50:39,05:50:39,,,,,,131.273,1
80_0_0335_2,29,70,05:55:39,05:55:39,,,,,,132.837,1
80_0_0335_2,30,332,06:00:39,06:00:39,,,,,,134.705,1
80_0_0335_2,31,67,06:20:39,06:20:39,,,,,,143.404,1
80_0_0335_2,32,68,06:25:39,06:25:39,,,,,,144.609,1
80_0_0335_2,33,85,06:45:39,06:45:39,,,,,,165.538,1
80_0_0335_2,34,132,07:00:39,07:00:39,,,,,,179.667,1
80_0_0415_3,1,292,04:15:00,04:15:00,,,,,,0,1
80_0_0415_3,2,58,04:20:00,04:20:00,,,,,,1.749,1
80_0_0415_3,3,1,04:25:00,04:25:00,,,,,,2.085,1
80_0_0415_3,4,59,04:30:00,04:30:00,,,,,,8.98,1
80_0_0415_3,5,90,04:35:00,04:35:00,,,,,,14.529,1
80_0_0415_3,6,293,04:55:00,04:55:00,,,,,,20.041,1
80_0_0415_3,7,61,05:05:00,05:05:00,,,,,,22.723,1
80_0_0415_3,8,294,05:07:38,05:07:38,,,,,,29.461,1
80_0_0415_3,9,295,05:10:38,05:10:38,,,,,,37.737,1
80_0_0415_3,10,62,05:13:38,05:13:38,,,,,,39.042,1
80_0_0415_3,11,296,05:15:39,05:15:39,,,,,,45.66,1
80_0_0415_3,12,63,05:25:39,05:25:39,,,,,,56.519,1
80_0_0415_3,13,46,05:34:39,05:34:39,,,,,,69.007,1
80_0_0415_3,14,47,05:35:39,05:35:39,,,,,,69.505,1
80_0_0415_3,15,297,05:36:39,05:36:39,,,,,,70.134,1
80_0_0415_3,16,33,05:46:39,05:46:39,,,,,,87.931,1
80_0_0415_3,17,64,05:48:39,05:48:39,,,,,,90.083,1
80_0_0415_3,18,65,05:49:39,05:49:39,,,,,,90.9,1
80_0_0415_3,19,66,05:53:39,05:53:39,,,,,,94.558,1
80_0_0415_3,20,36,05:55:39,05:55:39,,,,,,96.649,1
80_0_0415_3,21,37,05:56:39,05:56:39,,,,,,97.341,1
80_0_0415_3,22,38,05:57:39,05:57:39,,,,,,97.779,1
80_0_0415_3,23,39,05:58:39,05:58:39,,,,,,98.956,1
80_0_0415_3,24,118,06:00:39,06:00:39,,,,,,100.298,1
80_0_0415_3,25,79,06:15:39,06:15:39,,,,,,116.575,1
80_0_0415_3,26,78,06:20:39,06:20:39,,,,,,119.96,1
80_0_0415_3,27,331,06:27:39,06:27:39,,,,,,129.298,1
80_0_0415_3,28,69,06:30:39,06:30:39,,,,,,131.273,1
80_0_0415_3,29,70,06:35:39,06:35:39,,,,,,132.837,1
80_0_0415_3,30,332,06:40:39,06:40:39,,,,,,134.705,1
80_0_0415_3,31,67,07:00:39,07:00:39,,,,,,143.404,1
80_0_0415_3,32,68,07:05:39,07:05:39,,,,,,144.609,1
80_0_0415_3,33,85,07:25:39,07:25:39,,,,,,165.538,1
80_0_0415_3,34,132,07:40:39,07:40:39,,,,,,179.667,1
80_0_0500_4,1,292,05:00:00,05:00:00,,,,,,0,1
80_0_0500_4,2,58,05:05:00,05:05:00,,,,,,1.749,1
80_0_0500_4,3,1,05:10:00,05:10:00,,,,,,2.085,1
80_0_0500_4,4,59,05:15:00,05:15:00,,,,,,8.98,1
80_0_0500_4,5,90,05:20:00,05:20:00,,,,,,14.529,1
80_0_0500_4,6,293,05:40:00,05:40:00,,,,,,20.041,1
80_0_0500_4,7,61,05:50:00,05:50:00,,,,,,22.723,1
80_0_0500_4,8,294,05:52:38,05:52:38,,,,,,29.461,1
80_0_0500_4,9,295,05:55:38,05:55:38,,,,,,37.737,1
80_0_0500_4,10,62,05:58:38,05:58:38,,,,,,39.042,1
80_0_0500_4,11,296,06:00:39,06:00:39,,,,,,45.66,1
80_0_0500_4,12,63,06:10:39,06:10:39,,,,,,56.519,1
80_0_0500_4,13,46,06:19:39,06:19:39,,,,,,69.007,1
80_0_0500_4,14,47,06:20:39,06:20:39,,,,,,69.505,1
80_0_0500_4,15,297,06:21:39,06:21:39,,,,,,70.134,1
80_0_0500_4,16,33,06:31:39,06:31:39,,,,,,87.931,1
80_0_0500_4,17,64,06:33:39,06:33:39,,,,,,90.083,1
80_0_0500_4,18,65,06:34:39,06:34:39,,,,,,90.9,1
80_0_0500_4,19,66,06:38:39,06:38:39,,,,,,94.558,1
80_0_0500_4,20,36,06:40:39,06:40:39,,,,,,96.649,1
80_0_0500_4,21,37,06:41:39,06:41:39,,,,,,97.341,1
80_0_0500_4,22,38,06:42:39,06:42:39,,,,,,97.779,1
80_0_0500_4,23,39,06:43:39,06:43:39,,,,,,98.956,1
80_0_0500_4,24,118,06:45:39,06:45:39,,,,,,100.298,1
80_0_0500_4,25,79,07:00:39,07:00:39,,,,,,116.575,1
80_0_0500_4,26,78,07:05:39,07:05:39,,,,,,119.96,1
80_0_0500_4,27,331,07:12:39,07:12:39,,,,,,129.298,1
80_0_0500_4,28,69,07:15:39,07:15:39,,,,,,131.273,1
80_0_0500_4,29,70,07:20:39,07:20:39,,,,,,132.837,1
80_0_0500_4,30,332,07:25:39,07:25:39,,,,,,134.705,1
80_0_0500_4,31,67,07:45:39,07:45:39,,,,,,143.404,1
80_0_0500_4,32,68,07:50:39,07:50:39,,,,,,144.609,1
80_0_0500_4,33,85,08:10:39,08:10:39,,,,,,165.538,1
80_0_0500_4,34,132,08:25:39,08:25:39,,,,,,179.667,1
80_0_1100_5,1,292,11:00:00,11:00:00,,,,,,0,1
80_0_1100_5,2,58,11:05:00,11:05:00,,,,,,1.749,1
80_0_1100_5,3,1,11:10:00,11:10:00,,,,,,2.085,1
80_0_1100_5,4,59,11:15:00,11:15:00,,,,,,8.98,1
80_0_1100_5,5,90,11:20:00,11:20:00,,,,,,14.529,1
80_0_1100_5,6,293,11:40:00,11:40:00,,,,,,20.041,1
80_0_1100_5,7,61,11:50:00,11:50:00,,,,,,22.723,1
80_0_1100_5,8,294,11:52:38,11:52:38,,,,,,29.461,1
80_0_1100_5,9,295,11:55:38,11:55:38,,,,,,37.737,1
80_0_1100_5,10,62,11:58:38,11:58:38,,,,,,39.042,1
80_0_1100_5,11,296,12:00:39,12:00:39,,,,,,45.66,1
80_0_1100_5,12,63,12:10:39,12:10:39,,,,,,56.519,1
80_0_1100_5,13,46,12:19:39,12:19:39,,,,,,69.007,1
80_0_1100_5,14,47,12:20:39,12:20:39,,,,,,69.505,1
80_0_1100_5,15,297,12:21:39,12:21:39,,,,,,70.134,1
80_0_1100_5,16,33,12:31:39,12:31:39,,,,,,87.931,1
80_0_1100_5,17,64,12:33:39,12:33:39,,,,,,90.083,1
80_0_1100_5,18,65,12:34:39,12:34:39,,,,,,90.9,1
80_0_1100_5,19,66,12:38:39,12:38:39,,,,,,94.558,1
80_0_1100_5,20,36,12:40:39,12:40:39,,,,,,96.649,1
80_0_1100_5,21,37,12:41:39,12:41:39,,,,,,97.341,1
80_0_1100_5,22,38,12:42:39,12:42:39,,,,,,97.779,1
80_0_1100_5,23,39,12:43:39,12:43:39,,,,,,98.956,1
80_0_1100_5,24,118,12:45:39,12:45:39,,,,,,100.298,1
80_0_1100_5,25,79,13:00:39,13:00:39,,,,,,116.575,1
80_0_1100_5,26,78,13:05:39,13:05:39,,,,,,119.96,1
80_0_1100_5,27,331,13:12:39,13:12:39,,,,,,129.298,1
80_0_1100_5,28,69,13:15:39,13:15:39,,,,,,131.273,1
80_0_1100_5,29,70,13:20:39,13:20:39,,,,,,132.837,1
80_0_1100_5,30,332,13:25:39,13:25:39,,,,,,134.705,1
80_0_1100_5,31,67,13:45:39,13:45:39,,,,,,143.404,1
80_0_1100_5,32,68,13:50:39,13:50:39,,,,,,144.609,1
80_0_1100_5,33,85,14:10:39,14:10:39,,,,,,165.538,1
80_0_1100_5,34,132,14:25:39,14:25:39,,,,,,179.667,1
80_0_1915_6,1,292,19:15:00,19:15:00,,,,,,0,1
80_0_1915_6,2,58,19:20:00,19:20:00,,,,,,1.749,1
80_0_1915_6,3,1,19:25:00,19:25:00,,,,,,2.085,1
80_0_1915_6,4,59,19:30:00,19:30:00,,,,,,8.98,1
80_0_1915_6,5,90,19:35:00,19:35:00,,,,,,14.529,1
80_0_1915_6,6,293,19:55:00,19:55:00,,,,,,20.041,1
80_0_1915_6,7,61,20:05:00,20:05:00,,,,,,22.723,1
80_0_1915_6,8,294,20:07:38,20:07:38,,,,,,29.461,1
80_0_1915_6,9,295,20:10:38,20:10:38,,,,,,37.737,1
80_0_1915_6,10,62,20:13:38,20:13:38,,,,,,39.042,1
80_0_1915_6,11,296,20:15:39,20:15:39,,,,,,45.66,1
80_0_1915_6,12,63,20:25:39,20:25:39,,,,,,56.519,1
80_0_1915_6,13,46,20:34:39,20:34:39,,,,,,69.007,1
80_0_1915_6,14,47,20:35:39,20:35:39,,,,,,69.505,1
80_0_1915_6,15,297,20:36:39,20:36:39,,,,,,70.134,1
80_0_1915_6,16,33,20:46:39,20:46:39,,,,,,87.931,1
80_0_1915_6,17,64,20:48:39,20:48:39,,,,,,90.083,1
80_0_1915_6,18,65,20:49:39,20:49:39,,,,,,90.9,1
80_0_1915_6,19,66,20:53:39,20:53:39,,,,,,94.558,1
80_0_1915_6,20,36,20:55:39,20:55:39,,,,,,96.649,1
80_0_1915_6,21,37,20:56:39,20:56:39,,,,,,97.341,1
80_0_1915_6,22,38,20:57:39,20:57:39,,,,,,97.779,1
80_0_1915_6,23,39,20:58:39,20:58:39,,,,,,98.956,1
80_0_1915_6,24,118,21:00:39,21:00:39,,,,,,100.298,1
80_0_1915_6,25,79,21:15:39,21:15:39,,,,,,116.575,1
80_0_1915_6,26,78,21:20:39,21:20:39,,,,,,119.96,1
80_0_1915_6,27,331,21:27:39,21:27:39,,,,,,129.298,1
80_0_1915_6,28,69,21:30:39,21:30:39,,,,,,131.273,1
80_0_1915_6,29,70,21:35:39,21:35:39,,,,,,132.837,1
80_0_1915_6,30,332,21:40:39,21:40:39,,,,,,134.705,1
80_0_1915_6,31,67,22:00:39,22:00:39,,,,,,143.404,1
80_0_1915_6,32,68,22:05:39,22:05:39,,,,,,144.609,1
80_0_1915_6,33,85,22:25:39,22:25:39,,,,,,165.538,1
80_0_1915_6,34,132,22:40:39,22:40:39,,,,,,179.667,1
80_1_0755_1,1,132,07:55:00,07:55:00,,,,,,0.231,1
80_1_0755_1,2,85,08:10:00,08:10:00,,,,,,14.312,1
80_1_0755_1,3,67,08:30:00,08:30:00,,,,,,38.428,1
80_1_0755_1,4,68,08:35:00,08:35:00,,,,,,39.633,1
80_1_0755_1,5,331,08:42:00,08:42:00,,,,,,46.35,1
80_1_0755_1,6,69,08:45:00,08:45:00,,,,,,48.5,1
80_1_0755_1,7,70,08:50:00,08:50:00,,,,,,50.136,1
80_1_0755_1,8,332,08:52:00,08:52:00,,,,,,52.02,1
80_1_0755_1,9,78,08:55:05,08:55:05,,,,,,63.348,1
80_1_0755_1,10,79,09:00:05,09:00:05,,,,,,66.744,1
80_1_0755_1,11,102,09:06:05,09:06:05,,,,,,82.77,1
80_1_0755_1,12,42,09:07:05,09:07:05,,,,,,84.106,1
80_1_0755_1,13,43,09:08:05,09:08:05,,,,,,85.434,1
80_1_0755_1,14,44,09:09:05,09:09:05,,,,,,85.876,1
80_1_0755_1,15,36,09:15:05,09:15:05,,,,,,86.823,1
80_1_0755_1,16,74,09:18:05,09:18:05,,,,,,88.336,1
80_1_0755_1,17,75,09:21:05,09:21:05,,,,,,91.636,1
80_1_0755_1,18,76,09:22:05,09:22:05,,,,,,92.471,1
80_1_0755_1,19,45,09:25:05,09:25:05,,,,,,94.583,1
80_1_0755_1,20,46,09:35:05,09:35:05,,,,,,108.975,1
80_1_0755_1,21,47,09:36:05,09:36:05,,,,,,109.473,1
80_1_0755_1,22,297,09:37:05,09:37:05,,,,,,110.102,1
80_1_0755_1,23,49,09:47:05,09:47:05,,,,,,121.151,1
80_1_0755_1,24,301,10:02:05,10:02:05,,,,,,132.07,1
80_1_0755_1,25,50,10:05:05,10:05:05,,,,,,135.101,1
80_1_0755_1,26,302,10:07:05,10:07:05,,,,,,139.909,1
80_1_0755_1,27,303,10:12:05,10:12:05,,,,,,148.288,1
80_1_0755_1,28,51,10:22:05,10:22:05,,,,,,154.953,1
80_1_0755_1,29,329,10:34:05,10:34:05,,,,,,157.586,1
80_1_0755_1,30,54,10:39:05,10:39:05,,,,,,163.175,1
80_1_0755_1,31,77,10:44:05,10:44:05,,,,,,168.688,1
80_1_0755_1,32,58,10:54:05,10:54:05,,,,,,176.564,1
80_1_0755_1,33,1,10:59:05,10:59:05,,,,,,176.902,1
80_1_1355_2,1,132,13:55:00,13:55:00,,,,,,0.231,1
80_1_1355_2,2,85,14:10:00,14:10:00,,,,,,14.312,1
80_1_1355_2,3,67,14:30:00,14:30:00,,,,,,38.428,1
80_1_1355_2,4,68,14:35:00,14:35:00,,,,,,39.633,1
80_1_1355_2,5,331,14:42:00,14:42:00,,,,,,46.35,1
80_1_1355_2,6,69,14:45:00,14:45:00,,,,,,48.5,1
80_1_1355_2,7,70,14:50:00,14:50:00,,,,,,50.136,1
80_1_1355_2,8,332,14:52:00,14:52:00,,,,,,52.02,1
80_1_1355_2,9,78,14:55:05,14:55:05,,,,,,63.348,1
80_1_1355_2,10,79,15:00:05,15:00:05,,,,,,66.744,1
80_1_1355_2,11,102,15:06:05,15:06:05,,,,,,82.77,1
80_1_1355_2,12,42,15:07:05,15:07:05,,,,,,84.106,1
80_1_1355_2,13,43,15:08:05,15:08:05,,,,,,85.434,1
80_1_1355_2,14,44,15:09:05,15:09:05,,,,,,85.876,1
80_1_1355_2,15,36,15:15:05,15:15:05,,,,,,86.823,1
80_1_1355_2,16,74,15:18:05,15:18:05,,,,,,88.336,1
80_1_1355_2,17,75,15:21:05,15:21:05,,,,,,91.636,1
80_1_1355_2,18,76,15:22:05,15:22:05,,,,,,92.471,1
80_1_1355_2,19,45,15:25:05,15:25:05,,,,,,94.583,1
80_1_1355_2,20,46,15:35:05,15:35:05,,,,,,108.975,1
80_1_1355_2,21,47,15:36:05,15:36:05,,,,,,109.473,1
80_1_1355_2,22,297,15:37:05,15:37:05,,,,,,110.102,1
80_1_1355_2,23,49,15:47:05,15:47:05,,,,,,121.151,1
80_1_1355_2,24,301,16:02:05,16:02:05,,,,,,132.07,1
80_1_1355_2,25,50,16:05:05,16:05:05,,,,,,135.101,1
80_1_1355_2,26,302,16:07:05,16:07:05,,,,,,139.909,1
80_1_1355_2,27,303,16:12:05,16:12:05,,,,,,148.288,1
80_1_1355_2,28,51,16:22:05,16:22:05,,,,,,154.953,1
80_1_1355_2,29,329,16:34:05,16:34:05,,,,,,157.586,1
80_1_1355_2,30,54,16:39:05,16:39:05,,,,,,163.175,1
80_1_1355_2,31,77,16:44:05,16:44:05,,,,,,168.688,1
80_1_1355_2,32,58,16:54:05,16:54:05,,,,,,176.564,1
80_1_1355_2,33,1,16:59:05,16:59:05,,,,,,176.902,1
80_1_1515_3,1,132,15:15:00,15:15:00,,,,,,0.231,1
80_1_1515_3,2,85,15:30:00,15:30:00,,,,,,14.312,1
80_1_1515_3,3,67,15:50:00,15:50:00,,,,,,38.428,1
80_1_1515_3,4,68,15:55:00,15:55:00,,,,,,39.633,1
80_1_1515_3,5,331,16:02:00,16:02:00,,,,,,46.35,1
80_1_1515_3,6,69,16:05:00,16:05:00,,,,,,48.5,1
80_1_1515_3,7,70,16:10:00,16:10:00,,,,,,50.136,1
80_1_1515_3,8,332,16:12:00,16:12:00,,,,,,52.02,1
80_1_1515_3,9,78,16:15:05,16:15:05,,,,,,63.348,1
80_1_1515_3,10,79,16:20:05,16:20:05,,,,,,66.744,1
80_1_1515_3,11,102,16:26:05,16:26:05,,,,,,82.77,1
80_1_1515_3,12,42,16:27:05,16:27:05,,,,,,84.106,1
80_1_1515_3,13,43,16:28:05,16:28:05,,,,,,85.434,1
80_1_1515_3,14,44,16:29:05,16:29:05,,,,,,85.876,1
80_1_1515_3,15,36,16:35:05,16:35:05,,,,,,86.823,1
80_1_1515_3,16,74,16:38:05,16:38:05,,,,,,88.336,1
80_1_1515_3,17,75,16:41:05,16:41:05,,,,,,91.636,1
80_1_1515_3,18,76,16:42:05,16:42:05,,,,,,92.471,1
80_1_1515_3,19,45,16:45:05,16:45:05,,,,,,94.583,1
80_1_1515_3,20,46,16:55:05,16:55:05,,,,,,108.975,1
80_1_1515_3,21,47,16:56:05,16:56:05,,,,,,109.473,1
80_1_1515_3,22,297,16:57:05,16:57:05,,,,,,110.102,1
80_1_1515_3,23,49,17:07:05,17:07:05,,,,,,121.151,1
80_1_1515_3,24,301,17:22:05,17:22:05,,,,,,132.07,1
80_1_1515_3,25,50,17:25:05,17:25:05,,,,,,135.101,1
80_1_1515_3,26,302,17:27:05,17:27:05,,,,,,139.909,1
80_1_1515_3,27,303,17:32:05,17:32:05,,,,,,148.288,1
80_1_1515_3,28,51,17:42:05,17:42:05,,,,,,154.953,1
80_1_1515_3,29,329,17:54:05,17:54:05,,,,,,157.586,1
80_1_1515_3,30,54,17:59:05,17:59:05,,,,,,163.175,1
80_1_1515_3,31,77,18:04:05,18:04:05,,,,,,168.688,1
80_1_1515_3,32,58,18:14:05,18:14:05,,,,,,176.564,1
80_1_1515_3,33,1,18:19:05,18:19:05,,,,,,176.902,1
80_1_1600_4,1,132,16:00:00,16:00:00,,,,,,0.231,1
80_1_1600_4,2,85,16:15:00,16:15:00,,,,,,14.312,1
80_1_1600_4,3,67,16:35:00,16:35:00,,,,,,38.428,1
80_1_1600_4,4,68,16:40:00,16:40:00,,,,,,39.633,1
80_1_1600_4,5,331,16:47:00,16:47:00,,,,,,46.35,1
80_1_1600_4,6,69,16:50:00,16:50:00,,,,,,48.5,1
80_1_1600_4,7,70,16:55:00,16:55:00,,,,,,50.136,1
80_1_1600_4,8,332,16:57:00,16:57:00,,,,,,52.02,1
80_1_1600_4,9,78,17:00:05,17:00:05,,,,,,63.348,1
80_1_1600_4,10,79,17:05:05,17:05:05,,,,,,66.744,1
80_1_1600_4,11,102,17:11:05,17:11:05,,,,,,82.77,1
80_1_1600_4,12,42,17:12:05,17:12:05,,,,,,84.106,1
80_1_1600_4,13,43,17:13:05,17:13:05,,,,,,85.434,1
80_1_1600_4,14,44,17:14:05,17:14:05,,,,,,85.876,1
80_1_1600_4,15,36,17:20:05,17:20:05,,,,,,86.823,1
80_1_1600_4,16,74,17:23:05,17:23:05,,,,,,88.336,1
80_1_1600_4,17,75,17:26:05,17:26:05,,,,,,91.636,1
80_1_1600_4,18,76,17:27:05,17:27:05,,,,,,92.471,1
80_1_1600_4,19,45,17:30:05,17:30:05,,,,,,94.583,1
80_1_1600_4,20,46,17:40:05,17:40:05,,,,,,108.975,1
80_1_1600_4,21,47,17:41:05,17:41:05,,,,,,109.473,1
80_1_1600_4,22,297,17:42:05,17:42:05,,,,,,110.102,1
80_1_1600_4,23,49,17:52:05,17:52:05,,,,,,121.151,1
80_1_1600_4,24,301,18:07:05,18:07:05,,,,,,132.07,1
80_1_1600_4,25,50,18:10:05,18:10:05,,,,,,135.101,1
80_1_1600_4,26,302,18:12:05,18:12:05,,,,,,139.909,1
80_1_1600_4,27,303,18:17:05,18:17:05,,,,,,148.288,1
80_1_1600_4,28,51,18:27:05,18:27:05,,,,,,154.953,1
80_1_1600_4,29,329,18:39:05,18:39:05,,,,,,157.586,1
80_1_1600_4,30,54,18:44:05,18:44:05,,,,,,163.175,1
80_1_1600_4,31,77,18:49:05,18:49:05,,,,,,168.688,1
80_1_1600_4,32,58,18:59:05,18:59:05,,,,,,176.564,1
80_1_1600_4,33,1,19:04:05,19:04:05,,,,,,176.902,1
80_1_1615_5,1,132,16:15:00,16:15:00,,,,,,0.231,1
80_1_1615_5,2,85,16:30:00,16:30:00,,,,,,14.312,1
80_1_1615_5,3,67,16:50:00,16:50:00,,,,,,38.428,1
80_1_1615_5,4,68,16:55:00,16:55:00,,,,,,39.633,1
80_1_1615_5,5,331,17:02:00,17:02:00,,,,,,46.35,1
80_1_1615_5,6,69,17:05:00,17:05:00,,,,,,48.5,1
80_1_1615_5,7,70,17:10:00,17:10:00,,,,,,50.136,1
80_1_1615_5,8,332,17:12:00,17:12:00,,,,,,52.02,1
80_1_1615_5,9,78,17:15:05,17:15:05,,,,,,63.348,1
80_1_1615_5,10,79,17:20:05,17:20:05,,,,,,66.744,1
80_1_1615_5,11,102,17:26:05,17:26:05,,,,,,82.77,1
80_1_1615_5,12,42,17:27:05,17:27:05,,,,,,84.106,1
80_1_1615_5,13,43,17:28:05,17:28:05,,,,,,85.434,1
80_1_1615_5,14,44,17:29:05,17:29:05,,,,,,85.876,1
80_1_1615_5,15,36,17:35:05,17:35:05,,,,,,86.823,1
80_1_1615_5,16,74,17:38:05,17:38:05,,,,,,88.336,1
80_1_1615_5,17,75,17:41:05,17:41:05,,,,,,91.636,1
80_1_1615_5,18,76,17:42:05,17:42:05,,,,,,92.471,1
80_1_1615_5,19,45,17:45:05,17:45:05,,,,,,94.583,1
80_1_1615_5,20,46,17:55:05,17:55:05,,,,,,108.975,1
80_1_1615_5,21,47,17:56:05,17:56:05,,,,,,109.473,1
80_1_1615_5,22,297,17:57:05,17:57:05,,,,,,110.102,1
80_1_1615_5,23,49,18:07:05,18:07:05,,,,,,121.151,1
80_1_1615_5,24,301,18:22:05,18:22:05,,,,,,132.07,1
80_1_1615_5,25,50,18:25:05,18:25:05,,,,,,135.101,1
80_1_1615_5,26,302,18:27:05,18:27:05,,,,,,139.909,1
80_1_1615_5,27,303,18:32:05,18:32:05,,,,,,148.288,1
80_1_1615_5,28,51,18:42:05,18:42:05,,,,,,154.953,1
80_1_1615_5,29,329,18:54:05,18:54:05,,,,,,157.586,1
80_1_1615_5,30,54,18:59:05,18:59:05,,,,,,163.175,1
80_1_1615_5,31,77,19:04:05,19:04:05,,,,,,168.688,1
80_1_1615_5,32,58,19:14:05,19:14:05,,,,,,176.564,1
80_1_1615_5,33,1,19:19:05,19:19:05,,,,,,176.902,1
80_1_2330_6,1,132,23:30:00,23:30:00,,,,,,0.231,1
80_1_2330_6,2,85,23:45:00,23:45:00,,,,,,14.312,1
80_1_2330_6,3,67,24:05:00,24:05:00,,,,,,38.428,1
80_1_2330_6,4,68,24:10:00,24:10:00,,,,,,39.633,1
80_1_2330_6,5,331,24:17:00,24:17:00,,,,,,46.35,1
80_1_2330_6,6,69,24:20:00,24:20:00,,,,,,48.5,1
80_1_2330_6,7,70,24:25:00,24:25:00,,,,,,50.136,1
80_1_2330_6,8,332,24:27:00,24:27:00,,,,,,52.02,1
80_1_2330_6,9,78,24:30:05,24:30:05,,,,,,63.348,1
80_1_2330_6,10,79,24:35:05,24:35:05,,,,,,66.744,1
80_1_2330_6,11,102,24:41:05,24:41:05,,,,,,82.77,1
80_1_2330_6,12,42,24:42:05,24:42:05,,,,,,84.106,1
80_1_2330_6,13,43,24:43:05,24:43:05,,,,,,85.434,1
80_1_2330_6,14,44,24:44:05,24:44:05,,,,,,85.876,1
80_1_2330_6,15,36,24:50:05,24:50:05,,,,,,86.823,1
80_1_2330_6,16,74,24:53:05,24:53:05,,,,,,88.336,1
80_1_2330_6,17,75,24:56:05,24:56:05,,,,,,91.636,1
80_1_2330_6,18,76,24:57:05,24:57:05,,,,,,92.471,1
80_1_2330_6,19,45,25:00:05,25:00:05,,,,,,94.583,1
80_1_2330_6,20,46,25:10:05,25:10:05,,,,,,108.975,1
80_1_2330_6,21,47,25:11:05,25:11:05,,,,,,109.473,1
80_1_2330_6,22,297,25:12:05,25:12:05,,,,,,110.102,1
80_1_2330_6,23,49,25:22:05,25:22:05,,,,,,121.151,1
80_1_2330_6,24,301,25:37:05,25:37:05,,,,,,132.07,1
80_1_2330_6,25,50,25:40:05,25:40:05,,,,,,135.101,1
80_1_2330_6,26,302,25:42:05,25:42:05,,,,,,139.909,1
80_1_2330_6,27,303,25:47:05,25:47:05,,,,,,148.288,1
80_1_2330_6,28,51,25:57:05,25:57:05,,,,,,154.953,1
80_1_2330_6,29,329,26:09:05,26:09:05,,,,,,157.586,1
80_1_2330_6,30,54,26:14:05,26:14:05,,,,,,163.175,1
80_1_2330_6,31,77,26:19:05,26:19:05,,,,,,168.688,1
80_1_2330_6,32,58,26:29:05,26:29:05,,,,,,176.564,1
80_1_2330_6,33,1,26:34:05,26:34:05,,,,,,176.902,1
101_0_0615_1,1,1,06:15:00,06:15:00,,,,,,0,1
101_0_0615_1,2,2,06:19:00,06:19:00,,,,,,0.981,1
101_0_0615_1,3,3,06:19:04,06:19:04,,,,,,1.241,1
101_0_0615_1,4,4,06:21:04,06:21:04,,,,,,2.26,1
101_0_0615_1,5,6,06:23:04,06:23:04,,,,,,3.238,1
101_0_0615_1,6,7,06:24:04,06:24:04,,,,,,3.695,1
101_0_0615_1,7,8,06:25:04,06:25:04,,,,,,4.38,1
101_0_0615_1,8,9,06:25:19,06:25:19,,,,,,5.057,1
101_0_0615_1,9,10,06:29:19,06:29:19,,,,,,6.692,1
101_0_0615_1,10,11,06:30:19,06:30:19,,,,,,6.979,1
101_0_0615_1,11,209,06:40:19,06:40:19,,,,,,11.189,1
101_0_0615_1,12,210,06:42:19,06:42:19,,,,,,13.169,1
101_0_0615_1,13,211,06:43:19,06:43:19,,,,,,14.296,1
101_0_0615_1,14,252,06:49:19,06:49:19,,,,,,18.383,1
101_0_0615_1,15,254,06:51:19,06:51:19,,,,,,21.305,1
101_0_0615_1,16,245,06:53:19,06:53:19,,,,,,23.163,1
101_0_0715_2,1,1,07:15:00,07:15:00,,,,,,0,1
101_0_0715_2,2,2,07:19:00,07:19:00,,,,,,0.981,1
101_0_0715_2,3,3,07:19:04,07:19:04,,,,,,1.241,1
101_0_0715_2,4,4,07:21:04,07:21:04,,,,,,2.26,1
101_0_0715_2,5,6,07:23:04,07:23:04,,,,,,3.238,1
101_0_0715_2,6,7,07:24:04,07:24:04,,,,,,3.695,1
101_0_0715_2,7,8,07:25:04,07:25:04,,,,,,4.38,1
101_0_0715_2,8,9,07:25:19,07:25:19,,,,,,5.057,1
101_0_0715_2,9,10,07:29:19,07:29:19,,,,,,6.692,1
101_0_0715_2,10,11,07:30:19,07:30:19,,,,,,6.979,1
101_0_0715_2,11,209,07:40:19,07:40:19,,,,,,11.189,1
101_0_0715_2,12,210,07:42:19,07:42:19,,,,,,13.169,1
101_0_0715_2,13,211,07:43:19,07:43:19,,,,,,14.296,1
101_0_0715_2,14,252,07:49:19,07:49:19,,,,,,18.383,1
101_0_0715_2,15,254,07:51:19,07:51:19,,,,,,21.305,1
101_0_0715_2,16,245,07:53:19,07:53:19,,,,,,23.163,1
101_0_0815_3,1,1,08:15:00,08:15:00,,,,,,0,1
101_0_0815_3,2,2,08:19:00,08:19:00,,,,,,0.981,1
101_0_0815_3,3,3,08:19:04,08:19:04,,,,,,1.241,1
101_0_0815_3,4,4,08:21:04,08:21:04,,,,,,2.26,1
101_0_0815_3,5,6,08:23:04,08:23:04,,,,,,3.238,1
101_0_0815_3,6,7,08:24:04,08:24:04,,,,,,3.695,1
101_0_0815_3,7,8,08:25:04,08:25:04,,,,,,4.38,1
101_0_0815_3,8,9,08:25:19,08:25:19,,,,,,5.057,1
101_0_0815_3,9,10,08:29:19,08:29:19,,,,,,6.692,1
101_0_0815_3,10,11,08:30:19,08:30:19,,,,,,6.979,1
101_0_0815_3,11,209,08:40:19,08:40:19,,,,,,11.189,1
101_0_0815_3,12,210,08:42:19,08:42:19,,,,,,13.169,1
101_0_0815_3,13,211,08:43:19,08:43:19,,,,,,14.296,1
101_0_0815_3,14,252,08:49:19,08:49:19,,,,,,18.383,1
101_0_0815_3,15,254,08:51:19,08:51:19,,,,,,21.305,1
101_0_0815_3,16,245,08:53:19,08:53:19,,,,,,23.163,1
101_0_0915_4,1,1,09:15:00,09:15:00,,,,,,0,1
101_0_0915_4,2,2,09:19:00,09:19:00,,,,,,0.981,1
101_0_0915_4,3,3,09:19:04,09:19:04,,,,,,1.241,1
101_0_0915_4,4,4,09:21:04,09:21:04,,,,,,2.26,1
101_0_0915_4,5,6,09:23:04,09:23:04,,,,,,3.238,1
101_0_0915_4,6,7,09:24:04,09:24:04,,,,,,3.695,1
101_0_0915_4,7,8,09:25:04,09:25:04,,,,,,4.38,1
101_0_0915_4,8,9,09:25:19,09:25:19,,,,,,5.057,1
101_0_0915_4,9,10,09:29:19,09:29:19,,,,,,6.692,1
101_0_0915_4,10,11,09:30:19,09:30:19,,,,,,6.979,1
101_0_0915_4,11,209,09:40:19,09:40:19,,,,,,11.189,1
101_0_0915_4,12,210,09:42:19,09:42:19,,,,,,13.169,1
101_0_0915_4,13,211,09:43:19,09:43:19,,,,,,14.296,1
101_0_0915_4,14,252,09:49:19,09:49:19,,,,,,18.383,1
101_0_0915_4,15,254,09:51:19,09:51:19,,,,,,21.305,1
101_0_0915_4,16,245,09:53:19,09:53:19,,,,,,23.163,1
101_0_1015_5,1,1,10:15:00,10:15:00,,,,,,0,1
101_0_1015_5,2,2,10:19:00,10:19:00,,,,,,0.981,1
101_0_1015_5,3,3,10:19:04,10:19:04,,,,,,1.241,1
101_0_1015_5,4,4,10:21:04,10:21:04,,,,,,2.26,1
101_0_1015_5,5,6,10:23:04,10:23:04,,,,,,3.238,1
101_0_1015_5,6,7,10:24:04,10:24:04,,,,,,3.695,1
101_0_1015_5,7,8,10:25:04,10:25:04,,,,,,4.38,1
101_0_1015_5,8,9,10:25:19,10:25:19,,,,,,5.057,1
101_0_1015_5,9,10,10:29:19,10:29:19,,,,,,6.692,1
101_0_1015_5,10,11,10:30:19,10:30:19,,,,,,6.979,1
101_0_1015_5,11,209,10:40:19,10:40:19,,,,,,11.189,1
101_0_1015_5,12,210,10:42:19,10:42:19,,,,,,13.169,1
101_0_1015_5,13,211,10:43:19,10:43:19,,,,,,14.296,1
101_0_1015_5,14,252,10:49:19,10:49:19,,,,,,18.383,1
101_0_1015_5,15,254,10:51:19,10:51:19,,,,,,21.305,1
101_0_1015_5,16,245,10:53:19,10:53:19,,,,,,23.163,1
101_0_1115_6,1,1,11:15:00,11:15:00,,,,,,0,1
101_0_1115_6,2,2,11:19:00,11:19:00,,,,,,0.981,1
101_0_1115_6,3,3,11:19:04,11:19:04,,,,,,1.241,1
101_0_1115_6,4,4,11:21:04,11:21:04,,,,,,2.26,1
101_0_1115_6,5,6,11:23:04,11:23:04,,,,,,3.238,1
101_0_1115_6,6,7,11:24:04,11:24:04,,,,,,3.695,1
101_0_1115_6,7,8,11:25:04,11:25:04,,,,,,4.38,1
101_0_1115_6,8,9,11:25:19,11:25:19,,,,,,5.057,1
101_0_1115_6,9,10,11:29:19,11:29:19,,,,,,6.692,1
101_0_1115_6,10,11,11:30:19,11:30:19,,,,,,6.979,1
101_0_1115_6,11,209,11:40:19,11:40:19,,,,,,11.189,1
101_0_1115_6,12,210,11:42:19,11:42:19,,,,,,13.169,1
101_0_1115_6,13,211,11:43:19,11:43:19,,,,,,14.296,1
101_0_1115_6,14,252,11:49:19,11:49:19,,,,,,18.383,1
101_0_1115_6,15,254,11:51:19,11:51:19,,,,,,21.305,1
101_0_1115_6,16,245,11:53:19,11:53:19,,,,,,23.163,1
101_0_1215_7,1,1,12:15:00,12:15:00,,,,,,0,1
101_0_1215_7,2,2,12:19:00,12:19:00,,,,,,0.981,1
101_0_1215_7,3,3,12:19:04,12:19:04,,,,,,1.241,1
101_0_1215_7,4,4,12:21:04,12:21:04,,,,,,2.26,1
101_0_1215_7,5,6,12:23:04,12:23:04,,,,,,3.238,1
101_0_1215_7,6,7,12:24:04,12:24:04,,,,,,3.695,1
101_0_1215_7,7,8,12:25:04,12:25:04,,,,,,4.38,1
101_0_1215_7,8,9,12:25:19,12:25:19,,,,,,5.057,1
101_0_1215_7,9,10,12:29:19,12:29:19,,,,,,6.692,1
101_0_1215_7,10,11,12:30:19,12:30:19,,,,,,6.979,1
101_0_1215_7,11,209,12:40:19,12:40:19,,,,,,11.189,1
101_0_1215_7,12,210,12:42:19,12:42:19,,,,,,13.169,1
101_0_1215_7,13,211,12:43:19,12:43:19,,,,,,14.296,1
101_0_1215_7,14,252,12:49:19,12:49:19,,,,,,18.383,1
101_0_1215_7,15,254,12:51:19,12:51:19,,,,,,21.305,1
101_0_1215_7,16,245,12:53:19,12:53:19,,,,,,23.163,1
101_0_1315_8,1,1,13:15:00,13:15:00,,,,,,0,1
101_0_1315_8,2,2,13:19:00,13:19:00,,,,,,0.981,1
101_0_1315_8,3,3,13:19:04,13:19:04,,,,,,1.241,1
101_0_1315_8,4,4,13:21:04,13:21:04,,,,,,2.26,1
101_0_1315_8,5,6,13:23:04,13:23:04,,,,,,3.238,1
101_0_1315_8,6,7,13:24:04,13:24:04,,,,,,3.695,1
101_0_1315_8,7,8,13:25:04,13:25:04,,,,,,4.38,1
101_0_1315_8,8,9,13:25:19,13:25:19,,,,,,5.057,1
101_0_1315_8,9,10,13:29:19,13:29:19,,,,,,6.692,1
101_0_1315_8,10,11,13:30:19,13:30:19,,,,,,6.979,1
101_0_1315_8,11,209,13:40:19,13:40:19,,,,,,11.189,1
101_0_1315_8,12,210,13:42:19,13:42:19,,,,,,13.169,1
101_0_1315_8,13,211,13:43:19,13:43:19,,,,,,14.296,1
101_0_1315_8,14,252,13:49:19,13:49:19,,,,,,18.383,1
101_0_1315_8,15,254,13:51:19,13:51:19,,,,,,21.305,1
101_0_1315_8,16,245,13:53:19,13:53:19,,,,,,23.163,1
101_0_1415_9,1,1,14:15:00,14:15:00,,,,,,0,1
101_0_1415_9,2,2,14:19:00,14:19:00,,,,,,0.981,1
101_0_1415_9,3,3,14:19:04,14:19:04,,,,,,1.241,1
101_0_1415_9,4,4,14:21:04,14:21:04,,,,,,2.26,1
101_0_1415_9,5,6,14:23:04,14:23:04,,,,,,3.238,1
101_0_1415_9,6,7,14:24:04,14:24:04,,,,,,3.695,1
101_0_1415_9,7,8,14:25:04,14:25:04,,,,,,4.38,1
101_0_1415_9,8,9,14:25:19,14:25:19,,,,,,5.057,1
101_0_1415_9,9,10,14:29:19,14:29:19,,,,,,6.692,1
101_0_1415_9,10,11,14:30:19,14:30:19,,,,,,6.979,1
101_0_1415_9,11,209,14:40:19,14:40:19,,,,,,11.189,1
101_0_1415_9,12,210,14:42:19,14:42:19,,,,,,13.169,1
101_0_1415_9,13,211,14:43:19,14:43:19,,,,,,14.296,1
101_0_1415_9,14,252,14:49:19,14:49:19,,,,,,18.383,1
101_0_1415_9,15,254,14:51:19,14:51:19,,,,,,21.305,1
101_0_1415_9,16,245,14:53:19,14:53:19,,,,,,23.163,1
101_0_1515_10,1,1,15:15:00,15:15:00,,,,,,0,1
101_0_1515_10,2,2,15:19:00,15:19:00,,,,,,0.981,1
101_0_1515_10,3,3,15:19:04,15:19:04,,,,,,1.241,1
101_0_1515_10,4,4,15:21:04,15:21:04,,,,,,2.26,1
101_0_1515_10,5,6,15:23:04,15:23:04,,,,,,3.238,1
101_0_1515_10,6,7,15:24:04,15:24:04,,,,,,3.695,1
101_0_1515_10,7,8,15:25:04,15:25:04,,,,,,4.38,1
101_0_1515_10,8,9,15:25:19,15:25:19,,,,,,5.057,1
101_0_1515_10,9,10,15:29:19,15:29:19,,,,,,6.692,1
101_0_1515_10,10,11,15:30:19,15:30:19,,,,,,6.979,1
101_0_1515_10,11,209,15:40:19,15:40:19,,,,,,11.189,1
101_0_1515_10,12,210,15:42:19,15:42:19,,,,,,13.169,1
101_0_1515_10,13,211,15:43:19,15:43:19,,,,,,14.296,1
101_0_1515_10,14,252,15:49:19,15:49:19,,,,,,18.383,1
101_0_1515_10,15,254,15:51:19,15:51:19,,,,,,21.305,1
101_0_1515_10,16,245,15:53:19,15:53:19,,,,,,23.163,1
101_0_1615_11,1,1,16:15:00,16:15:00,,,,,,0,1
101_0_1615_11,2,2,16:19:00,16:19:00,,,,,,0.981,1
101_0_1615_11,3,3,16:19:04,16:19:04,,,,,,1.241,1
101_0_1615_11,4,4,16:21:04,16:21:04,,,,,,2.26,1
101_0_1615_11,5,6,16:23:04,16:23:04,,,,,,3.238,1
101_0_1615_11,6,7,16:24:04,16:24:04,,,,,,3.695,1
101_0_1615_11,7,8,16:25:04,16:25:04,,,,,,4.38,1
101_0_1615_11,8,9,16:25:19,16:25:19,,,,,,5.057,1
101_0_1615_11,9,10,16:29:19,16:29:19,,,,,,6.692,1
101_0_1615_11,10,11,16:30:19,16:30:19,,,,,,6.979,1
101_0_1615_11,11,209,16:40:19,16:40:19,,,,,,11.189,1
101_0_1615_11,12,210,16:42:19,16:42:19,,,,,,13.169,1
101_0_1615_11,13,211,16:43:19,16:43:19,,,,,,14.296,1
101_0_1615_11,14,252,16:49:19,16:49:19,,,,,,18.383,1
101_0_1615_11,15,254,16:51:19,16:51:19,,,,,,21.305,1
101_0_1615_11,16,245,16:53:19,16:53:19,,,,,,23.163,1
101_0_1715_12,1,1,17:15:00,17:15:00,,,,,,0,1
101_0_1715_12,2,2,17:19:00,17:19:00,,,,,,0.981,1
101_0_1715_12,3,3,17:19:04,17:19:04,,,,,,1.241,1
101_0_1715_12,4,4,17:21:04,17:21:04,,,,,,2.26,1
101_0_1715_12,5,6,17:23:04,17:23:04,,,,,,3.238,1
101_0_1715_12,6,7,17:24:04,17:24:04,,,,,,3.695,1
101_0_1715_12,7,8,17:25:04,17:25:04,,,,,,4.38,1
101_0_1715_12,8,9,17:25:19,17:25:19,,,,,,5.057,1
101_0_1715_12,9,10,17:29:19,17:29:19,,,,,,6.692,1
101_0_1715_12,10,11,17:30:19,17:30:19,,,,,,6.979,1
101_0_1715_12,11,209,17:40:19,17:40:19,,,,,,11.189,1
101_0_1715_12,12,210,17:42:19,17:42:19,,,,,,13.169,1
101_0_1715_12,13,211,17:43:19,17:43:19,,,,,,14.296,1
101_0_1715_12,14,252,17:49:19,17:49:19,,,,,,18.383,1
101_0_1715_12,15,254,17:51:19,17:51:19,,,,,,21.305,1
101_0_1715_12,16,245,17:53:19,17:53:19,,,,,,23.163,1
101_0_1815_13,1,1,18:15:00,18:15:00,,,,,,0,1
101_0_1815_13,2,2,18:19:00,18:19:00,,,,,,0.981,1
101_0_1815_13,3,3,18:19:04,18:19:04,,,,,,1.241,1
101_0_1815_13,4,4,18:21:04,18:21:04,,,,,,2.26,1
101_0_1815_13,5,6,18:23:04,18:23:04,,,,,,3.238,1
101_0_1815_13,6,7,18:24:04,18:24:04,,,,,,3.695,1
101_0_1815_13,7,8,18:25:04,18:25:04,,,,,,4.38,1
101_0_1815_13,8,9,18:25:19,18:25:19,,,,,,5.057,1
101_0_1815_13,9,10,18:29:19,18:29:19,,,,,,6.692,1
101_0_1815_13,10,11,18:30:19,18:30:19,,,,,,6.979,1
101_0_1815_13,11,209,18:40:19,18:40:19,,,,,,11.189,1
101_0_1815_13,12,210,18:42:19,18:42:19,,,,,,13.169,1
101_0_1815_13,13,211,18:43:19,18:43:19,,,,,,14.296,1
101_0_1815_13,14,252,18:49:19,18:49:19,,,,,,18.383,1
101_0_1815_13,15,254,18:51:19,18:51:19,,,,,,21.305,1
101_0_1815_13,16,245,18:53:19,18:53:19,,,,,,23.163,1
101_0_1915_14,1,1,19:15:00,19:15:00,,,,,,0,1
101_0_1915_14,2,2,19:19:00,19:19:00,,,,,,0.981,1
101_0_1915_14,3,3,19:19:04,19:19:04,,,,,,1.241,1
101_0_1915_14,4,4,19:21:04,19:21:04,,,,,,2.26,1
101_0_1915_14,5,6,19:23:04,19:23:04,,,,,,3.238,1
101_0_1915_14,6,7,19:24:04,19:24:04,,,,,,3.695,1
101_0_1915_14,7,8,19:25:04,19:25:04,,,,,,4.38,1
101_0_1915_14,8,9,19:25:19,19:25:19,,,,,,5.057,1
101_0_1915_14,9,10,19:29:19,19:29:19,,,,,,6.692,1
101_0_1915_14,10,11,19:30:19,19:30:19,,,,,,6.979,1
101_0_1915_14,11,209,19:40:19,19:40:19,,,,,,11.189,1
101_0_1915_14,12,210,19:42:19,19:42:19,,,,,,13.169,1
101_0_1915_14,13,211,19:43:19,19:43:19,,,,,,14.296,1
101_0_1915_14,14,252,19:49:19,19:49:19,,,,,,18.383,1
101_0_1915_14,15,254,19:51:19,19:51:19,,,,,,21.305,1
101_0_1915_14,16,245,19:53:19,19:53:19,,,,,,23.163,1
101_0_0915_15,1,1,09:15:00,09:15:00,,,,,,0,1
101_0_0915_15,2,2,09:19:00,09:19:00,,,,,,0.981,1
101_0_0915_15,3,3,09:19:04,09:19:04,,,,,,1.241,1
101_0_0915_15,4,4,09:21:04,09:21:04,,,,,,2.26,1
101_0_0915_15,5,6,09:23:04,09:23:04,,,,,,3.238,1
101_0_0915_15,6,7,09:24:04,09:24:04,,,,,,3.695,1
101_0_0915_15,7,8,09:25:04,09:25:04,,,,,,4.38,1
101_0_0915_15,8,9,09:25:19,09:25:19,,,,,,5.057,1
101_0_0915_15,9,10,09:29:19,09:29:19,,,,,,6.692,1
101_0_0915_15,10,11,09:30:19,09:30:19,,,,,,6.979,1
101_0_0915_15,11,209,09:40:19,09:40:19,,,,,,11.189,1
101_0_0915_15,12,210,09:42:19,09:42:19,,,,,,13.169,1
101_0_0915_15,13,211,09:43:19,09:43:19,,,,,,14.296,1
101_0_0915_15,14,252,09:49:19,09:49:19,,,,,,18.383,1
101_0_0915_15,15,254,09:51:19,09:51:19,,,,,,21.305,1
101_0_0915_15,16,245,09:53:19,09:53:19,,,,,,23.163,1
101_0_1015_16,1,1,10:15:00,10:15:00,,,,,,0,1
101_0_1015_16,2,2,10:19:00,10:19:00,,,,,,0.981,1
101_0_1015_16,3,3,10:19:04,10:19:04,,,,,,1.241,1
101_0_1015_16,4,4,10:21:04,10:21:04,,,,,,2.26,1
101_0_1015_16,5,6,10:23:04,10:23:04,,,,,,3.238,1
101_0_1015_16,6,7,10:24:04,10:24:04,,,,,,3.695,1
101_0_1015_16,7,8,10:25:04,10:25:04,,,,,,4.38,1
101_0_1015_16,8,9,10:25:19,10:25:19,,,,,,5.057,1
101_0_1015_16,9,10,10:29:19,10:29:19,,,,,,6.692,1
101_0_1015_16,10,11,10:30:19,10:30:19,,,,,,6.979,1
101_0_1015_16,11,209,10:40:19,10:40:19,,,,,,11.189,1
101_0_1015_16,12,210,10:42:19,10:42:19,,,,,,13.169,1
101_0_1015_16,13,211,10:43:19,10:43:19,,,,,,14.296,1
101_0_1015_16,14,252,10:49:19,10:49:19,,,,,,18.383,1
101_0_1015_16,15,254,10:51:19,10:51:19,,,,,,21.305,1
101_0_1015_16,16,245,10:53:19,10:53:19,,,,,,23.163,1
101_0_1115_17,1,1,11:15:00,11:15:00,,,,,,0,1
101_0_1115_17,2,2,11:19:00,11:19:00,,,,,,0.981,1
101_0_1115_17,3,3,11:19:04,11:19:04,,,,,,1.241,1
101_0_1115_17,4,4,11:21:04,11:21:04,,,,,,2.26,1
101_0_1115_17,5,6,11:23:04,11:23:04,,,,,,3.238,1
101_0_1115_17,6,7,11:24:04,11:24:04,,,,,,3.695,1
101_0_1115_17,7,8,11:25:04,11:25:04,,,,,,4.38,1
101_0_1115_17,8,9,11:25:19,11:25:19,,,,,,5.057,1
101_0_1115_17,9,10,11:29:19,11:29:19,,,,,,6.692,1
101_0_1115_17,10,11,11:30:19,11:30:19,,,,,,6.979,1
101_0_1115_17,11,209,11:40:19,11:40:19,,,,,,11.189,1
101_0_1115_17,12,210,11:42:19,11:42:19,,,,,,13.169,1
101_0_1115_17,13,211,11:43:19,11:43:19,,,,,,14.296,1
101_0_1115_17,14,252,11:49:19,11:49:19,,,,,,18.383,1
101_0_1115_17,15,254,11:51:19,11:51:19,,,,,,21.305,1
101_0_1115_17,16,245,11:53:19,11:53:19,,,,,,23.163,1
101_0_1215_18,1,1,12:15:00,12:15:00,,,,,,0,1
101_0_1215_18,2,2,12:19:00,12:19:00,,,,,,0.981,1
101_0_1215_18,3,3,12:19:04,12:19:04,,,,,,1.241,1
101_0_1215_18,4,4,12:21:04,12:21:04,,,,,,2.26,1
101_0_1215_18,5,6,12:23:04,12:23:04,,,,,,3.238,1
101_0_1215_18,6,7,12:24:04,12:24:04,,,,,,3.695,1
101_0_1215_18,7,8,12:25:04,12:25:04,,,,,,4.38,1
101_0_1215_18,8,9,12:25:19,12:25:19,,,,,,5.057,1
101_0_1215_18,9,10,12:29:19,12:29:19,,,,,,6.692,1
101_0_1215_18,10,11,12:30:19,12:30:19,,,,,,6.979,1
101_0_1215_18,11,209,12:40:19,12:40:19,,,,,,11.189,1
101_0_1215_18,12,210,12:42:19,12:42:19,,,,,,13.169,1
101_0_1215_18,13,211,12:43:19,12:43:19,,,,,,14.296,1
101_0_1215_18,14,252,12:49:19,12:49:19,,,,,,18.383,1
101_0_1215_18,15,254,12:51:19,12:51:19,,,,,,21.305,1
101_0_1215_18,16,245,12:53:19,12:53:19,,,,,,23.163,1
101_0_1315_19,1,1,13:15:00,13:15:00,,,,,,0,1
101_0_1315_19,2,2,13:19:00,13:19:00,,,,,,0.981,1
101_0_1315_19,3,3,13:19:04,13:19:04,,,,,,1.241,1
101_0_1315_19,4,4,13:21:04,13:21:04,,,,,,2.26,1
101_0_1315_19,5,6,13:23:04,13:23:04,,,,,,3.238,1
101_0_1315_19,6,7,13:24:04,13:24:04,,,,,,3.695,1
101_0_1315_19,7,8,13:25:04,13:25:04,,,,,,4.38,1
101_0_1315_19,8,9,13:25:19,13:25:19,,,,,,5.057,1
101_0_1315_19,9,10,13:29:19,13:29:19,,,,,,6.692,1
101_0_1315_19,10,11,13:30:19,13:30:19,,,,,,6.979,1
101_0_1315_19,11,209,13:40:19,13:40:19,,,,,,11.189,1
101_0_1315_19,12,210,13:42:19,13:42:19,,,,,,13.169,1
101_0_1315_19,13,211,13:43:19,13:43:19,,,,,,14.296,1
101_0_1315_19,14,252,13:49:19,13:49:19,,,,,,18.383,1
101_0_1315_19,15,254,13:51:19,13:51:19,,,,,,21.305,1
101_0_1315_19,16,245,13:53:19,13:53:19,,,,,,23.163,1
101_0_1415_20,1,1,14:15:00,14:15:00,,,,,,0,1
101_0_1415_20,2,2,14:19:00,14:19:00,,,,,,0.981,1
101_0_1415_20,3,3,14:19:04,14:19:04,,,,,,1.241,1
101_0_1415_20,4,4,14:21:04,14:21:04,,,,,,2.26,1
101_0_1415_20,5,6,14:23:04,14:23:04,,,,,,3.238,1
101_0_1415_20,6,7,14:24:04,14:24:04,,,,,,3.695,1
101_0_1415_20,7,8,14:25:04,14:25:04,,,,,,4.38,1
101_0_1415_20,8,9,14:25:19,14:25:19,,,,,,5.057,1
101_0_1415_20,9,10,14:29:19,14:29:19,,,,,,6.692,1
101_0_1415_20,10,11,14:30:19,14:30:19,,,,,,6.979,1
101_0_1415_20,11,209,14:40:19,14:40:19,,,,,,11.189,1
101_0_1415_20,12,210,14:42:19,14:42:19,,,,,,13.169,1
101_0_1415_20,13,211,14:43:19,14:43:19,,,,,,14.296,1
101_0_1415_20,14,252,14:49:19,14:49:19,,,,,,18.383,1
101_0_1415_20,15,254,14:51:19,14:51:19,,,,,,21.305,1
101_0_1415_20,16,245,14:53:19,14:53:19,,,,,,23.163,1
101_0_1515_21,1,1,15:15:00,15:15:00,,,,,,0,1
101_0_1515_21,2,2,15:19:00,15:19:00,,,,,,0.981,1
101_0_1515_21,3,3,15:19:04,15:19:04,,,,,,1.241,1
101_0_1515_21,4,4,15:21:04,15:21:04,,,,,,2.26,1
101_0_1515_21,5,6,15:23:04,15:23:04,,,,,,3.238,1
101_0_1515_21,6,7,15:24:04,15:24:04,,,,,,3.695,1
101_0_1515_21,7,8,15:25:04,15:25:04,,,,,,4.38,1
101_0_1515_21,8,9,15:25:19,15:25:19,,,,,,5.057,1
101_0_1515_21,9,10,15:29:19,15:29:19,,,,,,6.692,1
101_0_1515_21,10,11,15:30:19,15:30:19,,,,,,6.979,1
101_0_1515_21,11,209,15:40:19,15:40:19,,,,,,11.189,1
101_0_1515_21,12,210,15:42:19,15:42:19,,,,,,13.169,1
101_0_1515_21,13,211,15:43:19,15:43:19,,,,,,14.296,1
101_0_1515_21,14,252,15:49:19,15:49:19,,,,,,18.383,1
101_0_1515_21,15,254,15:51:19,15:51:19,,,,,,21.305,1
101_0_1515_21,16,245,15:53:19,15:53:19,,,,,,23.163,1
101_0_1615_22,1,1,16:15:00,16:15:00,,,,,,0,1
101_0_1615_22,2,2,16:19:00,16:19:00,,,,,,0.981,1
101_0_1615_22,3,3,16:19:04,16:19:04,,,,,,1.241,1
101_0_1615_22,4,4,16:21:04,16:21:04,,,,,,2.26,1
101_0_1615_22,5,6,16:23:04,16:23:04,,,,,,3.238,1
101_0_1615_22,6,7,16:24:04,16:24:04,,,,,,3.695,1
101_0_1615_22,7,8,16:25:04,16:25:04,,,,,,4.38,1
101_0_1615_22,8,9,16:25:19,16:25:19,,,,,,5.057,1
101_0_1615_22,9,10,16:29:19,16:29:19,,,,,,6.692,1
101_0_1615_22,10,11,16:30:19,16:30:19,,,,,,6.979,1
101_0_1615_22,11,209,16:40:19,16:40:19,,,,,,11.189,1
101_0_1615_22,12,210,16:42:19,16:42:19,,,,,,13.169,1
101_0_1615_22,13,211,16:43:19,16:43:19,,,,,,14.296,1
101_0_1615_22,14,252,16:49:19,16:49:19,,,,,,18.383,1
101_0_1615_22,15,254,16:51:19,16:51:19,,,,,,21.305,1
101_0_1615_22,16,245,16:53:19,16:53:19,,,,,,23.163,1
101_0_1715_23,1,1,17:15:00,17:15:00,,,,,,0,1
101_0_1715_23,2,2,17:19:00,17:19:00,,,,,,0.981,1
101_0_1715_23,3,3,17:19:04,17:19:04,,,,,,1.241,1
101_0_1715_23,4,4,17:21:04,17:21:04,,,,,,2.26,1
101_0_1715_23,5,6,17:23:04,17:23:04,,,,,,3.238,1
101_0_1715_23,6,7,17:24:04,17:24:04,,,,,,3.695,1
101_0_1715_23,7,8,17:25:04,17:25:04,,,,,,4.38,1
101_0_1715_23,8,9,17:25:19,17:25:19,,,,,,5.057,1
101_0_1715_23,9,10,17:29:19,17:29:19,,,,,,6.692,1
101_0_1715_23,10,11,17:30:19,17:30:19,,,,,,6.979,1
101_0_1715_23,11,209,17:40:19,17:40:19,,,,,,11.189,1
101_0_1715_23,12,210,17:42:19,17:42:19,,,,,,13.169,1
101_0_1715_23,13,211,17:43:19,17:43:19,,,,,,14.296,1
101_0_1715_23,14,252,17:49:19,17:49:19,,,,,,18.383,1
101_0_1715_23,15,254,17:51:19,17:51:19,,,,,,21.305,1
101_0_1715_23,16,245,17:53:19,17:53:19,,,,,,23.163,1
102_0_0635_1,1,1,06:35:00,06:35:00,,,,,,0,1
102_0_0635_1,2,219,06:35:54,06:35:54,,,,,,0.724,1
102_0_0635_1,3,220,06:36:12,06:36:12,,,,,,0.964,1
102_0_0635_1,4,221,06:37:00,06:37:00,,,,,,1.61,1
102_0_0635_1,5,213,06:47:00,06:47:00,,,,,,3.519,1
102_0_0635_1,6,214,06:48:00,06:48:00,,,,,,3.764,1
102_0_0635_1,7,215,06:49:00,06:49:00,,,,,,5.334,1
102_0_0635_1,8,217,06:53:00,06:53:00,,,,,,7.517,1
102_0_0635_1,9,222,06:54:00,06:54:00,,,,,,8.396,1
102_0_0635_1,10,244,07:02:00,07:02:00,,,,,,9.744,1
102_0_0635_1,11,305,07:03:37,07:03:37,,,,,,12.352,1
102_0_0635_1,12,223,07:06:15,07:06:15,,,,,,16.581,1
102_0_0635_1,13,224,07:06:28,07:06:28,,,,,,16.929,1
102_0_0635_1,14,340,07:07:00,07:07:00,,,,,,17.784,1
102_0_0635_1,15,226,07:15:00,07:15:00,,,,,,23.188,1
102_0_0715_2,1,1,07:15:00,07:15:00,,,,,,0,1
102_0_0715_2,2,219,07:15:54,07:15:54,,,,,,0.724,1
102_0_0715_2,3,220,07:16:12,07:16:12,,,,,,0.964,1
102_0_0715_2,4,221,07:17:00,07:17:00,,,,,,1.61,1
102_0_0715_2,5,213,07:27:00,07:27:00,,,,,,3.519,1
102_0_0715_2,6,214,07:28:00,07:28:00,,,,,,3.764,1
102_0_0715_2,7,215,07:29:00,07:29:00,,,,,,5.334,1
102_0_0715_2,8,217,07:33:00,07:33:00,,,,,,7.517,1
102_0_0715_2,9,222,07:34:00,07:34:00,,,,,,8.396,1
102_0_0715_2,10,244,07:42:00,07:42:00,,,,,,9.744,1
102_0_0715_2,11,305,07:43:37,07:43:37,,,,,,12.352,1
102_0_0715_2,12,223,07:46:15,07:46:15,,,,,,16.581,1
102_0_0715_2,13,224,07:46:28,07:46:28,,,,,,16.929,1
102_0_0715_2,14,340,07:47:00,07:47:00,,,,,,17.784,1
102_0_0715_2,15,226,07:55:00,07:55:00,,,,,,23.188,1
102_0_0815_3,1,1,08:15:00,08:15:00,,,,,,0,1
102_0_0815_3,2,219,08:15:54,08:15:54,,,,,,0.724,1
102_0_0815_3,3,220,08:16:12,08:16:12,,,,,,0.964,1
102_0_0815_3,4,221,08:17:00,08:17:00,,,,,,1.61,1
102_0_0815_3,5,213,08:27:00,08:27:00,,,,,,3.519,1
102_0_0815_3,6,214,08:28:00,08:28:00,,,,,,3.764,1
102_0_0815_3,7,215,08:29:00,08:29:00,,,,,,5.334,1
102_0_0815_3,8,217,08:33:00,08:33:00,,,,,,7.517,1
102_0_0815_3,9,222,08:34:00,08:34:00,,,,,,8.396,1
102_0_0815_3,10,244,08:42:00,08:42:00,,,,,,9.744,1
102_0_0815_3,11,305,08:43:37,08:43:37,,,,,,12.352,1
102_0_0815_3,12,223,08:46:15,08:46:15,,,,,,16.581,1
102_0_0815_3,13,224,08:46:28,08:46:28,,,,,,16.929,1
102_0_0815_3,14,340,08:47:00,08:47:00,,,,,,17.784,1
102_0_0815_3,15,226,08:55:00,08:55:00,,,,,,23.188,1
102_0_0915_4,1,1,09:15:00,09:15:00,,,,,,0,1
102_0_0915_4,2,219,09:15:54,09:15:54,,,,,,0.724,1
102_0_0915_4,3,220,09:16:12,09:16:12,,,,,,0.964,1
102_0_0915_4,4,221,09:17:00,09:17:00,,,,,,1.61,1
102_0_0915_4,5,213,09:27:00,09:27:00,,,,,,3.519,1
102_0_0915_4,6,214,09:28:00,09:28:00,,,,,,3.764,1
102_0_0915_4,7,215,09:29:00,09:29:00,,,,,,5.334,1
102_0_0915_4,8,217,09:33:00,09:33:00,,,,,,7.517,1
102_0_0915_4,9,222,09:34:00,09:34:00,,,,,,8.396,1
102_0_0915_4,10,244,09:42:00,09:42:00,,,,,,9.744,1
102_0_0915_4,11,305,09:43:37,09:43:37,,,,,,12.352,1
102_0_0915_4,12,223,09:46:15,09:46:15,,,,,,16.581,1
102_0_0915_4,13,224,09:46:28,09:46:28,,,,,,16.929,1
102_0_0915_4,14,340,09:47:00,09:47:00,,,,,,17.784,1
102_0_0915_4,15,226,09:55:00,09:55:00,,,,,,23.188,1
102_0_1215_5,1,1,12:15:00,12:15:00,,,,,,0,1
102_0_1215_5,2,219,12:15:54,12:15:54,,,,,,0.724,1
102_0_1215_5,3,220,12:16:12,12:16:12,,,,,,0.964,1
102_0_1215_5,4,221,12:17:00,12:17:00,,,,,,1.61,1
102_0_1215_5,5,213,12:27:00,12:27:00,,,,,,3.519,1
102_0_1215_5,6,214,12:28:00,12:28:00,,,,,,3.764,1
102_0_1215_5,7,215,12:29:00,12:29:00,,,,,,5.334,1
102_0_1215_5,8,217,12:33:00,12:33:00,,,,,,7.517,1
102_0_1215_5,9,222,12:34:00,12:34:00,,,,,,8.396,1
102_0_1215_5,10,244,12:42:00,12:42:00,,,,,,9.744,1
102_0_1215_5,11,305,12:43:37,12:43:37,,,,,,12.352,1
102_0_1215_5,12,223,12:46:15,12:46:15,,,,,,16.581,1
102_0_1215_5,13,224,12:46:28,12:46:28,,,,,,16.929,1
102_0_1215_5,14,340,12:47:00,12:47:00,,,,,,17.784,1
102_0_1215_5,15,226,12:55:00,12:55:00,,,,,,23.188,1
102_0_1315_6,1,1,13:15:00,13:15:00,,,,,,0,1
102_0_1315_6,2,219,13:15:54,13:15:54,,,,,,0.724,1
102_0_1315_6,3,220,13:16:12,13:16:12,,,,,,0.964,1
102_0_1315_6,4,221,13:17:00,13:17:00,,,,,,1.61,1
102_0_1315_6,5,213,13:27:00,13:27:00,,,,,,3.519,1
102_0_1315_6,6,214,13:28:00,13:28:00,,,,,,3.764,1
102_0_1315_6,7,215,13:29:00,13:29:00,,,,,,5.334,1
102_0_1315_6,8,217,13:33:00,13:33:00,,,,,,7.517,1
102_0_1315_6,9,222,13:34:00,13:34:00,,,,,,8.396,1
102_0_1315_6,10,244,13:42:00,13:42:00,,,,,,9.744,1
102_0_1315_6,11,305,13:43:37,13:43:37,,,,,,12.352,1
102_0_1315_6,12,223,13:46:15,13:46:15,,,,,,16.581,1
102_0_1315_6,13,224,13:46:28,13:46:28,,,,,,16.929,1
102_0_1315_6,14,340,13:47:00,13:47:00,,,,,,17.784,1
102_0_1315_6,15,226,13:55:00,13:55:00,,,,,,23.188,1
102_0_1415_7,1,1,14:15:00,14:15:00,,,,,,0,1
102_0_1415_7,2,219,14:15:54,14:15:54,,,,,,0.724,1
102_0_1415_7,3,220,14:16:12,14:16:12,,,,,,0.964,1
102_0_1415_7,4,221,14:17:00,14:17:00,,,,,,1.61,1
102_0_1415_7,5,213,14:27:00,14:27:00,,,,,,3.519,1
102_0_1415_7,6,214,14:28:00,14:28:00,,,,,,3.764,1
102_0_1415_7,7,215,14:29:00,14:29:00,,,,,,5.334,1
102_0_1415_7,8,217,14:33:00,14:33:00,,,,,,7.517,1
102_0_1415_7,9,222,14:34:00,14:34:00,,,,,,8.396,1
102_0_1415_7,10,244,14:42:00,14:42:00,,,,,,9.744,1
102_0_1415_7,11,305,14:43:37,14:43:37,,,,,,12.352,1
102_0_1415_7,12,223,14:46:15,14:46:15,,,,,,16.581,1
102_0_1415_7,13,224,14:46:28,14:46:28,,,,,,16.929,1
102_0_1415_7,14,340,14:47:00,14:47:00,,,,,,17.784,1
102_0_1415_7,15,226,14:55:00,14:55:00,,,,,,23.188,1
102_0_1515_8,1,1,15:15:00,15:15:00,,,,,,0,1
102_0_1515_8,2,219,15:15:54,15:15:54,,,,,,0.724,1
102_0_1515_8,3,220,15:16:12,15:16:12,,,,,,0.964,1
102_0_1515_8,4,221,15:17:00,15:17:00,,,,,,1.61,1
102_0_1515_8,5,213,15:27:00,15:27:00,,,,,,3.519,1
102_0_1515_8,6,214,15:28:00,15:28:00,,,,,,3.764,1
102_0_1515_8,7,215,15:29:00,15:29:00,,,,,,5.334,1
102_0_1515_8,8,217,15:33:00,15:33:00,,,,,,7.517,1
102_0_1515_8,9,222,15:34:00,15:34:00,,,,,,8.396,1
102_0_1515_8,10,244,15:42:00,15:42:00,,,,,,9.744,1
102_0_1515_8,11,305,15:43:37,15:43:37,,,,,,12.352,1
102_0_1515_8,12,223,15:46:15,15:46:15,,,,,,16.581,1
102_0_1515_8,13,224,15:46:28,15:46:28,,,,,,16.929,1
102_0_1515_8,14,340,15:47:00,15:47:00,,,,,,17.784,1
102_0_1515_8,15,226,15:55:00,15:55:00,,,,,,23.188,1
102_0_1615_9,1,1,16:15:00,16:15:00,,,,,,0,1
102_0_1615_9,2,219,16:15:54,16:15:54,,,,,,0.724,1
102_0_1615_9,3,220,16:16:12,16:16:12,,,,,,0.964,1
102_0_1615_9,4,221,16:17:00,16:17:00,,,,,,1.61,1
102_0_1615_9,5,213,16:27:00,16:27:00,,,,,,3.519,1
102_0_1615_9,6,214,16:28:00,16:28:00,,,,,,3.764,1
102_0_1615_9,7,215,16:29:00,16:29:00,,,,,,5.334,1
102_0_1615_9,8,217,16:33:00,16:33:00,,,,,,7.517,1
102_0_1615_9,9,222,16:34:00,16:34:00,,,,,,8.396,1
102_0_1615_9,10,244,16:42:00,16:42:00,,,,,,9.744,1
102_0_1615_9,11,305,16:43:37,16:43:37,,,,,,12.352,1
102_0_1615_9,12,223,16:46:15,16:46:15,,,,,,16.581,1
102_0_1615_9,13,224,16:46:28,16:46:28,,,,,,16.929,1
102_0_1615_9,14,340,16:47:00,16:47:00,,,,,,17.784,1
102_0_1615_9,15,226,16:55:00,16:55:00,,,,,,23.188,1
102_0_1715_10,1,1,17:15:00,17:15:00,,,,,,0,1
102_0_1715_10,2,219,17:15:54,17:15:54,,,,,,0.724,1
102_0_1715_10,3,220,17:16:12,17:16:12,,,,,,0.964,1
102_0_1715_10,4,221,17:17:00,17:17:00,,,,,,1.61,1
102_0_1715_10,5,213,17:27:00,17:27:00,,,,,,3.519,1
102_0_1715_10,6,214,17:28:00,17:28:00,,,,,,3.764,1
102_0_1715_10,7,215,17:29:00,17:29:00,,,,,,5.334,1
102_0_1715_10,8,217,17:33:00,17:33:00,,,,,,7.517,1
102_0_1715_10,9,222,17:34:00,17:34:00,,,,,,8.396,1
102_0_1715_10,10,244,17:42:00,17:42:00,,,,,,9.744,1
102_0_1715_10,11,305,17:43:37,17:43:37,,,,,,12.352,1
102_0_1715_10,12,223,17:46:15,17:46:15,,,,,,16.581,1
102_0_1715_10,13,224,17:46:28,17:46:28,,,,,,16.929,1
102_0_1715_10,14,340,17:47:00,17:47:00,,,,,,17.784,1
102_0_1715_10,15,226,17:55:00,17:55:00,,,,,,23.188,1
103_0_0615_1,1,1,06:15:00,06:15:00,,,,,,0,1
103_0_0615_1,2,2,06:20:00,06:20:00,,,,,,0.981,1
103_0_0615_1,3,3,06:21:00,06:21:00,,,,,,1.241,1
103_0_0615_1,4,4,06:23:00,06:23:00,,,,,,2.26,1
103_0_0615_1,5,6,06:27:00,06:27:00,,,,,,3.238,1
103_0_0615_1,6,7,06:28:00,06:28:00,,,,,,3.695,1
103_0_0615_1,7,8,06:29:00,06:29:00,,,,,,4.38,1
103_0_0615_1,8,234,06:33:00,06:33:00,,,,,,8.505,1
103_0_0615_1,9,235,06:34:00,06:34:00,,,,,,8.708,1
103_0_0615_1,10,236,06:35:00,06:35:00,,,,,,9.973,1
103_0_0615_1,11,237,06:36:00,06:36:00,,,,,,11.571,1
103_0_0615_1,12,238,06:37:14,06:37:14,,,,,,14.627,1
103_0_0715_2,1,1,07:15:00,07:15:00,,,,,,0,1
103_0_0715_2,2,2,07:20:00,07:20:00,,,,,,0.981,1
103_0_0715_2,3,3,07:21:00,07:21:00,,,,,,1.241,1
103_0_0715_2,4,4,07:23:00,07:23:00,,,,,,2.26,1
103_0_0715_2,5,6,07:27:00,07:27:00,,,,,,3.238,1
103_0_0715_2,6,7,07:28:00,07:28:00,,,,,,3.695,1
103_0_0715_2,7,8,07:29:00,07:29:00,,,,,,4.38,1
103_0_0715_2,8,234,07:33:00,07:33:00,,,,,,8.505,1
103_0_0715_2,9,235,07:34:00,07:34:00,,,,,,8.708,1
103_0_0715_2,10,236,07:35:00,07:35:00,,,,,,9.973,1
103_0_0715_2,11,237,07:36:00,07:36:00,,,,,,11.571,1
103_0_0715_2,12,238,07:37:14,07:37:14,,,,,,14.627,1
103_0_0815_3,1,1,08:15:00,08:15:00,,,,,,0,1
103_0_0815_3,2,2,08:20:00,08:20:00,,,,,,0.981,1
103_0_0815_3,3,3,08:21:00,08:21:00,,,,,,1.241,1
103_0_0815_3,4,4,08:23:00,08:23:00,,,,,,2.26,1
103_0_0815_3,5,6,08:27:00,08:27:00,,,,,,3.238,1
103_0_0815_3,6,7,08:28:00,08:28:00,,,,,,3.695,1
103_0_0815_3,7,8,08:29:00,08:29:00,,,,,,4.38,1
103_0_0815_3,8,234,08:33:00,08:33:00,,,,,,8.505,1
103_0_0815_3,9,235,08:34:00,08:34:00,,,,,,8.708,1
103_0_0815_3,10,236,08:35:00,08:35:00,,,,,,9.973,1
103_0_0815_3,11,237,08:36:00,08:36:00,,,,,,11.571,1
103_0_0815_3,12,238,08:37:14,08:37:14,,,,,,14.627,1
103_0_0915_4,1,1,09:15:00,09:15:00,,,,,,0,1
103_0_0915_4,2,2,09:20:00,09:20:00,,,,,,0.981,1
103_0_0915_4,3,3,09:21:00,09:21:00,,,,,,1.241,1
103_0_0915_4,4,4,09:23:00,09:23:00,,,,,,2.26,1
103_0_0915_4,5,6,09:27:00,09:27:00,,,,,,3.238,1
103_0_0915_4,6,7,09:28:00,09:28:00,,,,,,3.695,1
103_0_0915_4,7,8,09:29:00,09:29:00,,,,,,4.38,1
103_0_0915_4,8,234,09:33:00,09:33:00,,,,,,8.505,1
103_0_0915_4,9,235,09:34:00,09:34:00,,,,,,8.708,1
103_0_0915_4,10,236,09:35:00,09:35:00,,,,,,9.973,1
103_0_0915_4,11,237,09:36:00,09:36:00,,,,,,11.571,1
103_0_0915_4,12,238,09:37:14,09:37:14,,,,,,14.627,1
103_0_1215_5,1,1,12:15:00,12:15:00,,,,,,0,1
103_0_1215_5,2,2,12:20:00,12:20:00,,,,,,0.981,1
103_0_1215_5,3,3,12:21:00,12:21:00,,,,,,1.241,1
103_0_1215_5,4,4,12:23:00,12:23:00,,,,,,2.26,1
103_0_1215_5,5,6,12:27:00,12:27:00,,,,,,3.238,1
103_0_1215_5,6,7,12:28:00,12:28:00,,,,,,3.695,1
103_0_1215_5,7,8,12:29:00,12:29:00,,,,,,4.38,1
103_0_1215_5,8,234,12:33:00,12:33:00,,,,,,8.505,1
103_0_1215_5,9,235,12:34:00,12:34:00,,,,,,8.708,1
103_0_1215_5,10,236,12:35:00,12:35:00,,,,,,9.973,1
103_0_1215_5,11,237,12:36:00,12:36:00,,,,,,11.571,1
103_0_1215_5,12,238,12:37:14,12:37:14,,,,,,14.627,1
103_0_1315_6,1,1,13:15:00,13:15:00,,,,,,0,1
103_0_1315_6,2,2,13:20:00,13:20:00,,,,,,0.981,1
103_0_1315_6,3,3,13:21:00,13:21:00,,,,,,1.241,1
103_0_1315_6,4,4,13:23:00,13:23:00,,,,,,2.26,1
103_0_1315_6,5,6,13:27:00,13:27:00,,,,,,3.238,1
103_0_1315_6,6,7,13:28:00,13:28:00,,,,,,3.695,1
103_0_1315_6,7,8,13:29:00,13:29:00,,,,,,4.38,1
103_0_1315_6,8,234,13:33:00,13:33:00,,,,,,8.505,1
103_0_1315_6,9,235,13:34:00,13:34:00,,,,,,8.708,1
103_0_1315_6,10,236,13:35:00,13:35:00,,,,,,9.973,1
103_0_1315_6,11,237,13:36:00,13:36:00,,,,,,11.571,1
103_0_1315_6,12,238,13:37:14,13:37:14,,,,,,14.627,1
103_0_1415_7,1,1,14:15:00,14:15:00,,,,,,0,1
103_0_1415_7,2,2,14:20:00,14:20:00,,,,,,0.981,1
103_0_1415_7,3,3,14:21:00,14:21:00,,,,,,1.241,1
103_0_1415_7,4,4,14:23:00,14:23:00,,,,,,2.26,1
103_0_1415_7,5,6,14:27:00,14:27:00,,,,,,3.238,1
103_0_1415_7,6,7,14:28:00,14:28:00,,,,,,3.695,1
103_0_1415_7,7,8,14:29:00,14:29:00,,,,,,4.38,1
103_0_1415_7,8,234,14:33:00,14:33:00,,,,,,8.505,1
103_0_1415_7,9,235,14:34:00,14:34:00,,,,,,8.708,1
103_0_1415_7,10,236,14:35:00,14:35:00,,,,,,9.973,1
103_0_1415_7,11,237,14:36:00,14:36:00,,,,,,11.571,1
103_0_1415_7,12,238,14:37:14,14:37:14,,,,,,14.627,1
103_0_1515_8,1,1,15:15:00,15:15:00,,,,,,0,1
103_0_1515_8,2,2,15:20:00,15:20:00,,,,,,0.981,1
103_0_1515_8,3,3,15:21:00,15:21:00,,,,,,1.241,1
103_0_1515_8,4,4,15:23:00,15:23:00,,,,,,2.26,1
103_0_1515_8,5,6,15:27:00,15:27:00,,,,,,3.238,1
103_0_1515_8,6,7,15:28:00,15:28:00,,,,,,3.695,1
103_0_1515_8,7,8,15:29:00,15:29:00,,,,,,4.38,1
103_0_1515_8,8,234,15:33:00,15:33:00,,,,,,8.505,1
103_0_1515_8,9,235,15:34:00,15:34:00,,,,,,8.708,1
103_0_1515_8,10,236,15:35:00,15:35:00,,,,,,9.973,1
103_0_1515_8,11,237,15:36:00,15:36:00,,,,,,11.571,1
103_0_1515_8,12,238,15:37:14,15:37:14,,,,,,14.627,1
103_0_1615_9,1,1,16:15:00,16:15:00,,,,,,0,1
103_0_1615_9,2,2,16:20:00,16:20:00,,,,,,0.981,1
103_0_1615_9,3,3,16:21:00,16:21:00,,,,,,1.241,1
103_0_1615_9,4,4,16:23:00,16:23:00,,,,,,2.26,1
103_0_1615_9,5,6,16:27:00,16:27:00,,,,,,3.238,1
103_0_1615_9,6,7,16:28:00,16:28:00,,,,,,3.695,1
103_0_1615_9,7,8,16:29:00,16:29:00,,,,,,4.38,1
103_0_1615_9,8,234,16:33:00,16:33:00,,,,,,8.505,1
103_0_1615_9,9,235,16:34:00,16:34:00,,,,,,8.708,1
103_0_1615_9,10,236,16:35:00,16:35:00,,,,,,9.973,1
103_0_1615_9,11,237,16:36:00,16:36:00,,,,,,11.571,1
103_0_1615_9,12,238,16:37:14,16:37:14,,,,,,14.627,1
103_0_1715_10,1,1,17:15:00,17:15:00,,,,,,0,1
103_0_1715_10,2,2,17:20:00,17:20:00,,,,,,0.981,1
103_0_1715_10,3,3,17:21:00,17:21:00,,,,,,1.241,1
103_0_1715_10,4,4,17:23:00,17:23:00,,,,,,2.26,1
103_0_1715_10,5,6,17:27:00,17:27:00,,,,,,3.238,1
103_0_1715_10,6,7,17:28:00,17:28:00,,,,,,3.695,1
103_0_1715_10,7,8,17:29:00,17:29:00,,,,,,4.38,1
103_0_1715_10,8,234,17:33:00,17:33:00,,,,,,8.505,1
103_0_1715_10,9,235,17:34:00,17:34:00,,,,,,8.708,1
103_0_1715_10,10,236,17:35:00,17:35:00,,,,,,9.973,1
103_0_1715_10,11,237,17:36:00,17:36:00,,,,,,11.571,1
103_0_1715_10,12,238,17:37:14,17:37:14,,,,,,14.627,1
104_0_0630_1,1,1,06:30:00,06:30:00,,,,,,0,1
104_0_0630_1,2,342,06:34:00,06:34:00,,,,,,1.174,1
104_0_0630_1,3,57,06:35:00,06:35:00,,,,,,1.774,1
104_0_0630_1,4,343,06:40:00,06:40:00,,,,,,3.947,1
104_0_0630_1,5,344,06:41:00,06:41:00,,,,,,4.422,1
104_0_0630_1,6,345,06:42:00,06:42:00,,,,,,5.127,1
104_0_0630_1,7,346,06:46:00,06:46:00,,,,,,5.768,1
104_0_0630_1,8,347,06:51:00,06:51:00,,,,,,9.67,1
104_0_0630_1,9,2,06:56:00,06:56:00,,,,,,11.446,1
104_0_0630_1,10,1,07:01:00,07:01:00,,,,,,13.426,1
104_0_0730_2,1,1,07:30:00,07:30:00,,,,,,0,1
104_0_0730_2,2,342,07:34:00,07:34:00,,,,,,1.174,1
104_0_0730_2,3,57,07:35:00,07:35:00,,,,,,1.774,1
104_0_0730_2,4,343,07:40:00,07:40:00,,,,,,3.947,1
104_0_0730_2,5,344,07:41:00,07:41:00,,,,,,4.422,1
104_0_0730_2,6,345,07:42:00,07:42:00,,,,,,5.127,1
104_0_0730_2,7,346,07:46:00,07:46:00,,,,,,5.768,1
104_0_0730_2,8,347,07:51:00,07:51:00,,,,,,9.67,1
104_0_0730_2,9,2,07:56:00,07:56:00,,,,,,11.446,1
104_0_0730_2,10,1,08:01:00,08:01:00,,,,,,13.426,1
104_0_0830_3,1,1,08:30:00,08:30:00,,,,,,0,1
104_0_0830_3,2,342,08:34:00,08:34:00,,,,,,1.174,1
104_0_0830_3,3,57,08:35:00,08:35:00,,,,,,1.774,1
104_0_0830_3,4,343,08:40:00,08:40:00,,,,,,3.947,1
104_0_0830_3,5,344,08:41:00,08:41:00,,,,,,4.422,1
104_0_0830_3,6,345,08:42:00,08:42:00,,,,,,5.127,1
104_0_0830_3,7,346,08:46:00,08:46:00,,,,,,5.768,1
104_0_0830_3,8,347,08:51:00,08:51:00,,,,,,9.67,1
104_0_0830_3,9,2,08:56:00,08:56:00,,,,,,11.446,1
104_0_0830_3,10,1,09:01:00,09:01:00,,,,,,13.426,1
104_0_0930_4,1,1,09:30:00,09:30:00,,,,,,0,1
104_0_0930_4,2,342,09:34:00,09:34:00,,,,,,1.174,1
104_0_0930_4,3,57,09:35:00,09:35:00,,,,,,1.774,1
104_0_0930_4,4,343,09:40:00,09:40:00,,,,,,3.947,1
104_0_0930_4,5,344,09:41:00,09:41:00,,,,,,4.422,1
104_0_0930_4,6,345,09:42:00,09:42:00,,,,,,5.127,1
104_0_0930_4,7,346,09:46:00,09:46:00,,,,,,5.768,1
104_0_0930_4,8,347,09:51:00,09:51:00,,,,,,9.67,1
104_0_0930_4,9,2,09:56:00,09:56:00,,,,,,11.446,1
104_0_0930_4,10,1,10:01:00,10:01:00,,,,,,13.426,1
104_0_1030_5,1,1,10:30:00,10:30:00,,,,,,0,1
104_0_1030_5,2,342,10:34:00,10:34:00,,,,,,1.174,1
104_0_1030_5,3,57,10:35:00,10:35:00,,,,,,1.774,1
104_0_1030_5,4,343,10:40:00,10:40:00,,,,,,3.947,1
104_0_1030_5,5,344,10:41:00,10:41:00,,,,,,4.422,1
104_0_1030_5,6,345,10:42:00,10:42:00,,,,,,5.127,1
104_0_1030_5,7,346,10:46:00,10:46:00,,,,,,5.768,1
104_0_1030_5,8,347,10:51:00,10:51:00,,,,,,9.67,1
104_0_1030_5,9,2,10:56:00,10:56:00,,,,,,11.446,1
104_0_1030_5,10,1,11:01:00,11:01:00,,,,,,13.426,1
104_0_1330_6,1,1,13:30:00,13:30:00,,,,,,0,1
104_0_1330_6,2,342,13:34:00,13:34:00,,,,,,1.174,1
104_0_1330_6,3,57,13:35:00,13:35:00,,,,,,1.774,1
104_0_1330_6,4,343,13:40:00,13:40:00,,,,,,3.947,1
104_0_1330_6,5,344,13:41:00,13:41:00,,,,,,4.422,1
104_0_1330_6,6,345,13:42:00,13:42:00,,,,,,5.127,1
104_0_1330_6,7,346,13:46:00,13:46:00,,,,,,5.768,1
104_0_1330_6,8,347,13:51:00,13:51:00,,,,,,9.67,1
104_0_1330_6,9,2,13:56:00,13:56:00,,,,,,11.446,1
104_0_1330_6,10,1,14:01:00,14:01:00,,,,,,13.426,1
104_0_1430_7,1,1,14:30:00,14:30:00,,,,,,0,1
104_0_1430_7,2,342,14:34:00,14:34:00,,,,,,1.174,1
104_0_1430_7,3,57,14:35:00,14:35:00,,,,,,1.774,1
104_0_1430_7,4,343,14:40:00,14:40:00,,,,,,3.947,1
104_0_1430_7,5,344,14:41:00,14:41:00,,,,,,4.422,1
104_0_1430_7,6,345,14:42:00,14:42:00,,,,,,5.127,1
104_0_1430_7,7,346,14:46:00,14:46:00,,,,,,5.768,1
104_0_1430_7,8,347,14:51:00,14:51:00,,,,,,9.67,1
104_0_1430_7,9,2,14:56:00,14:56:00,,,,,,11.446,1
104_0_1430_7,10,1,15:01:00,15:01:00,,,,,,13.426,1
104_0_1530_8,1,1,15:30:00,15:30:00,,,,,,0,1
104_0_1530_8,2,342,15:34:00,15:34:00,,,,,,1.174,1
104_0_1530_8,3,57,15:35:00,15:35:00,,,,,,1.774,1
104_0_1530_8,4,343,15:40:00,15:40:00,,,,,,3.947,1
104_0_1530_8,5,344,15:41:00,15:41:00,,,,,,4.422,1
104_0_1530_8,6,345,15:42:00,15:42:00,,,,,,5.127,1
104_0_1530_8,7,346,15:46:00,15:46:00,,,,,,5.768,1
104_0_1530_8,8,347,15:51:00,15:51:00,,,,,,9.67,1
104_0_1530_8,9,2,15:56:00,15:56:00,,,,,,11.446,1
104_0_1530_8,10,1,16:01:00,16:01:00,,,,,,13.426,1
104_0_1630_9,1,1,16:30:00,16:30:00,,,,,,0,1
104_0_1630_9,2,342,16:34:00,16:34:00,,,,,,1.174,1
104_0_1630_9,3,57,16:35:00,16:35:00,,,,,,1.774,1
104_0_1630_9,4,343,16:40:00,16:40:00,,,,,,3.947,1
104_0_1630_9,5,344,16:41:00,16:41:00,,,,,,4.422,1
104_0_1630_9,6,345,16:42:00,16:42:00,,,,,,5.127,1
104_0_1630_9,7,346,16:46:00,16:46:00,,,,,,5.768,1
104_0_1630_9,8,347,16:51:00,16:51:00,,,,,,9.67,1
104_0_1630_9,9,2,16:56:00,16:56:00,,,,,,11.446,1
104_0_1630_9,10,1,17:01:00,17:01:00,,,,,,13.426,1
104_0_1730_10,1,1,17:30:00,17:30:00,,,,,,0,1
104_0_1730_10,2,342,17:34:00,17:34:00,,,,,,1.174,1
104_0_1730_10,3,57,17:35:00,17:35:00,,,,,,1.774,1
104_0_1730_10,4,343,17:40:00,17:40:00,,,,,,3.947,1
104_0_1730_10,5,344,17:41:00,17:41:00,,,,,,4.422,1
104_0_1730_10,6,345,17:42:00,17:42:00,,,,,,5.127,1
104_0_1730_10,7,346,17:46:00,17:46:00,,,,,,5.768,1
104_0_1730_10,8,347,17:51:00,17:51:00,,,,,,9.67,1
104_0_1730_10,9,2,17:56:00,17:56:00,,,,,,11.446,1
104_0_1730_10,10,1,18:01:00,18:01:00,,,,,,13.426,1
401_0_0530_1,1,200,05:30:00,05:30:00,,,,,,0,1
401_0_0530_1,2,201,05:35:00,05:35:00,,,,,,1.388,1
401_0_0530_1,3,202,05:36:00,05:36:00,,,,,,1.885,1
401_0_0530_1,4,377,05:38:00,05:38:00,,,,,,5.48,1
401_0_0530_1,5,203,05:42:31,05:42:31,,,,,,11.276,1
401_0_0530_1,6,204,05:47:00,05:47:00,,,,,,17.05,1
401_0_0530_1,7,378,05:56:00,05:56:00,,,,,,23.627,1
401_0_0630_2,1,200,06:30:00,06:30:00,,,,,,0,1
401_0_0630_2,2,201,06:35:00,06:35:00,,,,,,1.388,1
401_0_0630_2,3,202,06:36:00,06:36:00,,,,,,1.885,1
401_0_0630_2,4,377,06:38:00,06:38:00,,,,,,5.48,1
401_0_0630_2,5,203,06:42:31,06:42:31,,,,,,11.276,1
401_0_0630_2,6,204,06:47:00,06:47:00,,,,,,17.05,1
401_0_0630_2,7,378,06:56:00,06:56:00,,,,,,23.627,1
401_0_0730_3,1,200,07:30:00,07:30:00,,,,,,0,1
401_0_0730_3,2,201,07:35:00,07:35:00,,,,,,1.388,1
401_0_0730_3,3,202,07:36:00,07:36:00,,,,,,1.885,1
401_0_0730_3,4,377,07:38:00,07:38:00,,,,,,5.48,1
401_0_0730_3,5,203,07:42:31,07:42:31,,,,,,11.276,1
401_0_0730_3,6,204,07:47:00,07:47:00,,,,,,17.05,1
401_0_0730_3,7,378,07:56:00,07:56:00,,,,,,23.627,1
401_0_0830_4,1,200,08:30:00,08:30:00,,,,,,0,1
401_0_0830_4,2,201,08:35:00,08:35:00,,,,,,1.388,1
401_0_0830_4,3,202,08:36:00,08:36:00,,,,,,1.885,1
401_0_0830_4,4,377,08:38:00,08:38:00,,,,,,5.48,1
401_0_0830_4,5,203,08:42:31,08:42:31,,,,,,11.276,1
401_0_0830_4,6,204,08:47:00,08:47:00,,,,,,17.05,1
401_0_0830_4,7,378,08:56:00,08:56:00,,,,,,23.627,1
401_0_0930_5,1,200,09:30:00,09:30:00,,,,,,0,1
401_0_0930_5,2,201,09:35:00,09:35:00,,,,,,1.388,1
401_0_0930_5,3,202,09:36:00,09:36:00,,,,,,1.885,1
401_0_0930_5,4,377,09:38:00,09:38:00,,,,,,5.48,1
401_0_0930_5,5,203,09:42:31,09:42:31,,,,,,11.276,1
401_0_0930_5,6,204,09:47:00,09:47:00,,,,,,17.05,1
401_0_0930_5,7,378,09:56:00,09:56:00,,,,,,23.627,1
401_0_1230_6,1,200,12:30:00,12:30:00,,,,,,0,1
401_0_1230_6,2,201,12:35:00,12:35:00,,,,,,1.388,1
401_0_1230_6,3,202,12:36:00,12:36:00,,,,,,1.885,1
401_0_1230_6,4,377,12:38:00,12:38:00,,,,,,5.48,1
401_0_1230_6,5,203,12:42:31,12:42:31,,,,,,11.276,1
401_0_1230_6,6,204,12:47:00,12:47:00,,,,,,17.05,1
401_0_1230_6,7,378,12:56:00,12:56:00,,,,,,23.627,1
401_0_1330_7,1,200,13:30:00,13:30:00,,,,,,0,1
401_0_1330_7,2,201,13:35:00,13:35:00,,,,,,1.388,1
401_0_1330_7,3,202,13:36:00,13:36:00,,,,,,1.885,1
401_0_1330_7,4,377,13:38:00,13:38:00,,,,,,5.48,1
401_0_1330_7,5,203,13:42:31,13:42:31,,,,,,11.276,1
401_0_1330_7,6,204,13:47:00,13:47:00,,,,,,17.05,1
401_0_1330_7,7,378,13:56:00,13:56:00,,,,,,23.627,1
401_0_1430_8,1,200,14:30:00,14:30:00,,,,,,0,1
401_0_1430_8,2,201,14:35:00,14:35:00,,,,,,1.388,1
401_0_1430_8,3,202,14:36:00,14:36:00,,,,,,1.885,1
401_0_1430_8,4,377,14:38:00,14:38:00,,,,,,5.48,1
401_0_1430_8,5,203,14:42:31,14:42:31,,,,,,11.276,1
401_0_1430_8,6,204,14:47:00,14:47:00,,,,,,17.05,1
401_0_1430_8,7,378,14:56:00,14:56:00,,,,,,23.627,1
401_0_1530_9,1,200,15:30:00,15:30:00,,,,,,0,1
401_0_1530_9,2,201,15:35:00,15:35:00,,,,,,1.388,1
401_0_1530_9,3,202,15:36:00,15:36:00,,,,,,1.885,1
401_0_1530_9,4,377,15:38:00,15:38:00,,,,,,5.48,1
401_0_1530_9,5,203,15:42:31,15:42:31,,,,,,11.276,1
401_0_1530_9,6,204,15:47:00,15:47:00,,,,,,17.05,1
401_0_1530_9,7,378,15:56:00,15:56:00,,,,,,23.627,1
401_0_1630_10,1,200,16:30:00,16:30:00,,,,,,0,1
401_0_1630_10,2,201,16:35:00,16:35:00,,,,,,1.388,1
401_0_1630_10,3,202,16:36:00,16:36:00,,,,,,1.885,1
401_0_1630_10,4,377,16:38:00,16:38:00,,,,,,5.48,1
401_0_1630_10,5,203,16:42:31,16:42:31,,,,,,11.276,1
401_0_1630_10,6,204,16:47:00,16:47:00,,,,,,17.05,1
401_0_1630_10,7,378,16:56:00,16:56:00,,,,,,23.627,1
401_0_1730_11,1,200,17:30:00,17:30:00,,,,,,0,1
401_0_1730_11,2,201,17:35:00,17:35:00,,,,,,1.388,1
401_0_1730_11,3,202,17:36:00,17:36:00,,,,,,1.885,1
401_0_1730_11,4,377,17:38:00,17:38:00,,,,,,5.48,1
401_0_1730_11,5,203,17:42:31,17:42:31,,,,,,11.276,1
401_0_1730_11,6,204,17:47:00,17:47:00,,,,,,17.05,1
401_0_1730_11,7,378,17:56:00,17:56:00,,,,,,23.627,1
401_0_1830_12,1,200,18:30:00,18:30:00,,,,,,0,1
401_0_1830_12,2,201,18:35:00,18:35:00,,,,,,1.388,1
401_0_1830_12,3,202,18:36:00,18:36:00,,,,,,1.885,1
401_0_1830_12,4,377,18:38:00,18:38:00,,,,,,5.48,1
401_0_1830_12,5,203,18:42:31,18:42:31,,,,,,11.276,1
401_0_1830_12,6,204,18:47:00,18:47:00,,,,,,17.05,1
401_0_1830_12,7,378,18:56:00,18:56:00,,,,,,23.627,1
401_0_1930_13,1,200,19:30:00,19:30:00,,,,,,0,1
401_0_1930_13,2,201,19:35:00,19:35:00,,,,,,1.388,1
401_0_1930_13,3,202,19:36:00,19:36:00,,,,,,1.885,1
401_0_1930_13,4,377,19:38:00,19:38:00,,,,,,5.48,1
401_0_1930_13,5,203,19:42:31,19:42:31,,,,,,11.276,1
401_0_1930_13,6,204,19:47:00,19:47:00,,,,,,17.05,1
401_0_1930_13,7,378,19:56:00,19:56:00,,,,,,23.627,1
401_0_2030_14,1,200,20:30:00,20:30:00,,,,,,0,1
401_0_2030_14,2,201,20:35:00,20:35:00,,,,,,1.388,1
401_0_2030_14,3,202,20:36:00,20:36:00,,,,,,1.885,1
401_0_2030_14,4,377,20:38:00,20:38:00,,,,,,5.48,1
401_0_2030_14,5,203,20:42:31,20:42:31,,,,,,11.276,1
401_0_2030_14,6,204,20:47:00,20:47:00,,,,,,17.05,1
401_0_2030_14,7,378,20:56:00,20:56:00,,,,,,23.627,1
402_0_0500_1,1,26,05:00:00,05:00:00,,,,,,0.199,1
402_0_0500_1,2,12,05:00:09,05:00:09,,,,,,0.321,0
402_0_0500_1,3,317,05:03:34,05:03:34,,,,,,3.126,0
402_0_0500_1,4,13,05:05:00,05:05:00,,,,,,4.306,1
402_0_0500_1,5,389,05:07:48,05:07:48,,,,,,5.634,0
402_0_0500_1,6,390,05:08:50,05:08:50,,,,,,6.124,0
402_0_0500_1,7,391,05:09:56,05:09:56,,,,,,6.639,0
402_0_0500_1,8,392,05:11:32,05:11:32,,,,,,7.403,0
402_0_0500_1,9,393,05:15:00,05:15:00,,,,,,9.041,1
402_0_0500_1,10,394,05:17:22,05:17:22,,,,,,10.699,0
402_0_0500_1,11,395,05:19:44,05:19:44,,,,,,12.361,0
402_0_0500_1,12,396,05:22:54,05:22:54,,,,,,14.575,0
402_0_0500_1,13,397,05:24:02,05:24:02,,,,,,15.377,0
402_0_0500_1,14,398,05:25:09,05:25:09,,,,,,16.154,0
402_0_0500_1,15,399,05:26:20,05:26:20,,,,,,16.989,0
402_0_0500_1,16,400,05:27:22,05:27:22,,,,,,17.711,0
402_0_0500_1,17,401,05:28:39,05:28:39,,,,,,18.609,0
402_0_0500_1,18,172,05:30:00,05:30:00,,,,,,19.553,1
402_0_0500_1,19,402,05:31:40,05:31:40,,,,,,20.271,0
402_0_0500_1,20,186,05:33:29,05:33:29,,,,,,21.06,0
402_0_0500_1,21,200,05:45:00,05:45:00,,,,,,26.043,1
402_0_0625_2,1,26,06:25:00,06:25:00,,,,,,0.199,1
402_0_0625_2,2,12,06:25:09,06:25:09,,,,,,0.321,0
402_0_0625_2,3,317,06:28:34,06:28:34,,,,,,3.126,0
402_0_0625_2,4,13,06:30:00,06:30:00,,,,,,4.306,1
402_0_0625_2,5,389,06:32:48,06:32:48,,,,,,5.634,0
402_0_0625_2,6,390,06:33:50,06:33:50,,,,,,6.124,0
402_0_0625_2,7,391,06:34:56,06:34:56,,,,,,6.639,0
402_0_0625_2,8,392,06:36:32,06:36:32,,,,,,7.403,0
402_0_0625_2,9,393,06:40:00,06:40:00,,,,,,9.041,1
402_0_0625_2,10,394,06:42:22,06:42:22,,,,,,10.699,0
402_0_0625_2,11,395,06:44:44,06:44:44,,,,,,12.361,0
402_0_0625_2,12,396,06:47:54,06:47:54,,,,,,14.575,0
402_0_0625_2,13,397,06:49:02,06:49:02,,,,,,15.377,0
402_0_0625_2,14,398,06:50:09,06:50:09,,,,,,16.154,0
402_0_0625_2,15,399,06:51:20,06:51:20,,,,,,16.989,0
402_0_0625_2,16,400,06:52:22,06:52:22,,,,,,17.711,0
402_0_0625_2,17,401,06:53:39,06:53:39,,,,,,18.609,0
402_0_0625_2,18,172,06:55:00,06:55:00,,,,,,19.553,1
402_0_0625_2,19,402,06:56:40,06:56:40,,,,,,20.271,0
402_0_0625_2,20,186,06:58:29,06:58:29,,,,,,21.06,0
402_0_0625_2,21,200,07:10:00,07:10:00,,,,,,26.043,1
402_0_0825_3,1,26,08:25:00,08:25:00,,,,,,0.199,1
402_0_0825_3,2,12,08:25:09,08:25:09,,,,,,0.321,0
402_0_0825_3,3,317,08:28:34,08:28:34,,,,,,3.126,0
402_0_0825_3,4,13,08:30:00,08:30:00,,,,,,4.306,1
402_0_0825_3,5,389,08:32:48,08:32:48,,,,,,5.634,0
402_0_0825_3,6,390,08:33:50,08:33:50,,,,,,6.124,0
402_0_0825_3,7,391,08:34:56,08:34:56,,,,,,6.639,0
402_0_0825_3,8,392,08:36:32,08:36:32,,,,,,7.403,0
402_0_0825_3,9,393,08:40:00,08:40:00,,,,,,9.041,1
402_0_0825_3,10,394,08:42:22,08:42:22,,,,,,10.699,0
402_0_0825_3,11,395,08:44:44,08:44:44,,,,,,12.361,0
402_0_0825_3,12,396,08:47:54,08:47:54,,,,,,14.575,0
402_0_0825_3,13,397,08:49:02,08:49:02,,,,,,15.377,0
402_0_0825_3,14,398,08:50:09,08:50:09,,,,,,16.154,0
402_0_0825_3,15,399,08:51:20,08:51:20,,,,,,16.989,0
402_0_0825_3,16,400,08:52:22,08:52:22,,,,,,17.711,0
402_0_0825_3,17,401,08:53:39,08:53:39,,,,,,18.609,0
402_0_0825_3,18,172,08:55:00,08:55:00,,,,,,19.553,1
402_0_0825_3,19,402,08:56:40,08:56:40,,,,,,20.271,0
402_0_0825_3,20,186,08:58:29,08:58:29,,,,,,21.06,0
402_0_0825_3,21,200,09:10:00,09:10:00,,,,,,26.043,1
402_0_1425_4,1,26,14:25:00,14:25:00,,,,,,0.199,1
402_0_1425_4,2,12,14:25:09,14:25:09,,,,,,0.321,0
402_0_1425_4,3,317,14:28:34,14:28:34,,,,,,3.126,0
402_0_1425_4,4,13,14:30:00,14:30:00,,,,,,4.306,1
402_0_1425_4,5,389,14:32:48,14:32:48,,,,,,5.634,0
402_0_1425_4,6,390,14:33:50,14:33:50,,,,,,6.124,0
402_0_1425_4,7,391,14:34:56,14:34:56,,,,,,6.639,0
402_0_1425_4,8,392,14:36:32,14:36:32,,,,,,7.403,0
402_0_1425_4,9,393,14:40:00,14:40:00,,,,,,9.041,1
402_0_1425_4,10,394,14:42:22,14:42:22,,,,,,10.699,0
402_0_1425_4,11,395,14:44:44,14:44:44,,,,,,12.361,0
402_0_1425_4,12,396,14:47:54,14:47:54,,,,,,14.575,0
402_0_1425_4,13,397,14:49:02,14:49:02,,,,,,15.377,0
402_0_1425_4,14,398,14:50:09,14:50:09,,,,,,16.154,0
402_0_1425_4,15,399,14:51:20,14:51:20,,,,,,16.989,0
402_0_1425_4,16,400,14:52:22,14:52:22,,,,,,17.711,0
402_0_1425_4,17,401,14:53:39,14:53:39,,,,,,18.609,0
402_0_1425_4,18,172,14:55:00,14:55:00,,,,,,19.553,1
402_0_1425_4,19,402,14:56:40,14:56:40,,,,,,20.271,0
402_0_1425_4,20,186,14:58:29,14:58:29,,,,,,21.06,0
402_0_1425_4,21,200,15:10:00,15:10:00,,,,,,26.043,1
402_0_1625_5,1,26,16:25:00,16:25:00,,,,,,0.199,1
402_0_1625_5,2,12,16:25:09,16:25:09,,,,,,0.321,0
402_0_1625_5,3,317,16:28:34,16:28:34,,,,,,3.126,0
402_0_1625_5,4,13,16:30:00,16:30:00,,,,,,4.306,1
402_0_1625_5,5,389,16:32:48,16:32:48,,,,,,5.634,0
402_0_1625_5,6,390,16:33:50,16:33:50,,,,,,6.124,0
402_0_1625_5,7,391,16:34:56,16:34:56,,,,,,6.639,0
402_0_1625_5,8,392,16:36:32,16:36:32,,,,,,7.403,0
402_0_1625_5,9,393,16:40:00,16:40:00,,,,,,9.041,1
402_0_1625_5,10,394,16:42:22,16:42:22,,,,,,10.699,0
402_0_1625_5,11,395,16:44:44,16:44:44,,,,,,12.361,0
402_0_1625_5,12,396,16:47:54,16:47:54,,,,,,14.575,0
402_0_1625_5,13,397,16:49:02,16:49:02,,,,,,15.377,0
402_0_1625_5,14,398,16:50:09,16:50:09,,,,,,16.154,0
402_0_1625_5,15,399,16:51:20,16:51:20,,,,,,16.989,0
402_0_1625_5,16,400,16:52:22,16:52:22,,,,,,17.711,0
402_0_1625_5,17,401,16:53:39,16:53:39,,,,,,18.609,0
402_0_1625_5,18,172,16:55:00,16:55:00,,,,,,19.553,1
402_0_1625_5,19,402,16:56:40,16:56:40,,,,,,20.271,0
402_0_1625_5,20,186,16:58:29,16:58:29,,,,,,21.06,0
402_0_1625_5,21,200,17:10:00,17:10:00,,,,,,26.043,1
402_0_1825_6,1,26,18:25:00,18:25:00,,,,,,0.199,1
402_0_1825_6,2,12,18:25:09,18:25:09,,,,,,0.321,0
402_0_1825_6,3,317,18:28:34,18:28:34,,,,,,3.126,0
402_0_1825_6,4,13,18:30:00,18:30:00,,,,,,4.306,1
402_0_1825_6,5,389,18:32:48,18:32:48,,,,,,5.634,0
402_0_1825_6,6,390,18:33:50,18:33:50,,,,,,6.124,0
402_0_1825_6,7,391,18:34:56,18:34:56,,,,,,6.639,0
402_0_1825_6,8,392,18:36:32,18:36:32,,,,,,7.403,0
402_0_1825_6,9,393,18:40:00,18:40:00,,,,,,9.041,1
402_0_1825_6,10,394,18:42:22,18:42:22,,,,,,10.699,0
402_0_1825_6,11,395,18:44:44,18:44:44,,,,,,12.361,0
402_0_1825_6,12,396,18:47:54,18:47:54,,,,,,14.575,0
402_0_1825_6,13,397,18:49:02,18:49:02,,,,,,15.377,0
402_0_1825_6,14,398,18:50:09,18:50:09,,,,,,16.154,0
402_0_1825_6,15,399,18:51:20,18:51:20,,,,,,16.989,0
402_0_1825_6,16,400,18:52:22,18:52:22,,,,,,17.711,0
402_0_1825_6,17,401,18:53:39,18:53:39,,,,,,18.609,0
402_0_1825_6,18,172,18:55:00,18:55:00,,,,,,19.553,1
402_0_1825_6,19,402,18:56:40,18:56:40,,,,,,20.271,0
402_0_1825_6,20,186,18:58:29,18:58:29,,,,,,21.06,0
402_0_1825_6,21,200,19:10:00,19:10:00,,,,,,26.043,1
402_1_0530_1,1,200,05:30:00,05:30:00,,,,,,0.042,1
402_1_0530_1,2,202,05:35:00,05:35:00,,,,,,1.928,1
402_1_0530_1,3,173,05:37:54,05:37:54,,,,,,10.452,1
402_1_0530_1,4,174,05:39:54,05:39:54,,,,,,11.886,1
402_1_0530_1,5,175,05:41:54,05:41:54,,,,,,12.505,1
402_1_0530_1,6,193,05:43:54,05:43:54,,,,,,13.575,1
402_1_0530_1,7,194,05:45:54,05:45:54,,,,,,14.434,1
402_1_0530_1,8,195,05:47:54,05:47:54,,,,,,15.254,1
402_1_0530_1,9,196,05:49:54,05:49:54,,,,,,16.098,1
402_1_0530_1,10,197,05:50:54,05:50:54,,,,,,16.7,1
402_1_0530_1,11,189,05:52:14,05:52:14,,,,,,18.394,1
402_1_0530_1,12,190,05:53:34,05:53:34,,,,,,19.218,1
402_1_0530_1,13,191,05:54:54,05:54:54,,,,,,20.053,1
402_1_0530_1,14,192,05:56:14,05:56:14,,,,,,21.102,1
402_1_0530_1,15,198,05:57:34,05:57:34,,,,,,21.923,1
402_1_0530_1,16,176,05:58:54,05:58:54,,,,,,22.8,1
402_1_0530_1,17,177,06:00:14,06:00:14,,,,,,23.416,1
402_1_0530_1,18,178,06:00:54,06:00:54,,,,,,24.656,1
402_1_0530_1,19,383,06:02:44,06:02:44,,,,,,26.317,1
402_1_0530_1,20,384,06:04:34,06:04:34,,,,,,27.144,1
402_1_0530_1,21,385,06:06:24,06:06:24,,,,,,28.204,1
402_1_0530_1,22,386,06:08:14,06:08:14,,,,,,29.873,1
402_1_0530_1,23,387,06:10:04,06:10:04,,,,,,30.722,1
402_1_0530_1,24,409,06:10:54,06:10:54,,,,,,31.333,1
402_1_0530_1,25,388,06:15:54,06:15:54,,,,,,34.397,1
402_1_0530_1,26,315,06:22:54,06:22:54,,,,,,38.965,1
402_1_0530_1,27,26,06:30:54,06:30:54,,,,,,42.026,1
402_1_0730_2,1,200,07:30:00,07:30:00,,,,,,0.042,1
402_1_0730_2,2,202,07:35:00,07:35:00,,,,,,1.928,1
402_1_0730_2,3,173,07:37:54,07:37:54,,,,,,10.452,1
402_1_0730_2,4,174,07:39:54,07:39:54,,,,,,11.886,1
402_1_0730_2,5,175,07:41:54,07:41:54,,,,,,12.505,1
402_1_0730_2,6,193,07:43:54,07:43:54,,,,,,13.575,1
402_1_0730_2,7,194,07:45:54,07:45:54,,,,,,14.434,1
402_1_0730_2,8,195,07:47:54,07:47:54,,,,,,15.254,1
402_1_0730_2,9,196,07:49:54,07:49:54,,,,,,16.098,1
402_1_0730_2,10,197,07:50:54,07:50:54,,,,,,16.7,1
402_1_0730_2,11,189,07:52:14,07:52:14,,,,,,18.394,1
402_1_0730_2,12,190,07:53:34,07:53:34,,,,,,19.218,1
402_1_0730_2,13,191,07:54:54,07:54:54,,,,,,20.053,1
402_1_0730_2,14,192,07:56:14,07:56:14,,,,,,21.102,1
402_1_0730_2,15,198,07:57:34,07:57:34,,,,,,21.923,1
402_1_0730_2,16,176,07:58:54,07:58:54,,,,,,22.8,1
402_1_0730_2,17,177,08:00:14,08:00:14,,,,,,23.416,1
402_1_0730_2,18,178,08:00:54,08:00:54,,,,,,24.656,1
402_1_0730_2,19,383,08:02:44,08:02:44,,,,,,26.317,1
402_1_0730_2,20,384,08:04:34,08:04:34,,,,,,27.144,1
402_1_0730_2,21,385,08:06:24,08:06:24,,,,,,28.204,1
402_1_0730_2,22,386,08:08:14,08:08:14,,,,,,29.873,1
402_1_0730_2,23,387,08:10:04,08:10:04,,,,,,30.722,1
402_1_0730_2,24,409,08:10:54,08:10:54,,,,,,31.333,1
402_1_0730_2,25,388,08:15:54,08:15:54,,,,,,34.397,1
402_1_0730_2,26,315,08:22:54,08:22:54,,,,,,38.965,1
402_1_0730_2,27,26,08:30:54,08:30:54,,,,,,42.026,1
402_1_1330_3,1,200,13:30:00,13:30:00,,,,,,0.042,1
402_1_1330_3,2,202,13:35:00,13:35:00,,,,,,1.928,1
402_1_1330_3,3,173,13:37:54,13:37:54,,,,,,10.452,1
402_1_1330_3,4,174,13:39:54,13:39:54,,,,,,11.886,1
402_1_1330_3,5,175,13:41:54,13:41:54,,,,,,12.505,1
402_1_1330_3,6,193,13:43:54,13:43:54,,,,,,13.575,1
402_1_1330_3,7,194,13:45:54,13:45:54,,,,,,14.434,1
402_1_1330_3,8,195,13:47:54,13:47:54,,,,,,15.254,1
402_1_1330_3,9,196,13:49:54,13:49:54,,,,,,16.098,1
402_1_1330_3,10,197,13:50:54,13:50:54,,,,,,16.7,1
402_1_1330_3,11,189,13:52:14,13:52:14,,,,,,18.394,1
402_1_1330_3,12,190,13:53:34,13:53:34,,,,,,19.218,1
402_1_1330_3,13,191,13:54:54,13:54:54,,,,,,20.053,1
402_1_1330_3,14,192,13:56:14,13:56:14,,,,,,21.102,1
402_1_1330_3,15,198,13:57:34,13:57:34,,,,,,21.923,1
402_1_1330_3,16,176,13:58:54,13:58:54,,,,,,22.8,1
402_1_1330_3,17,177,14:00:14,14:00:14,,,,,,23.416,1
402_1_1330_3,18,178,14:00:54,14:00:54,,,,,,24.656,1
402_1_1330_3,19,383,14:02:44,14:02:44,,,,,,26.317,1
402_1_1330_3,20,384,14:04:34,14:04:34,,,,,,27.144,1
402_1_1330_3,21,385,14:06:24,14:06:24,,,,,,28.204,1
402_1_1330_3,22,386,14:08:14,14:08:14,,,,,,29.873,1
402_1_1330_3,23,387,14:10:04,14:10:04,,,,,,30.722,1
402_1_1330_3,24,409,14:10:54,14:10:54,,,,,,31.333,1
402_1_1330_3,25,388,14:15:54,14:15:54,,,,,,34.397,1
402_1_1330_3,26,315,14:22:54,14:22:54,,,,,,38.965,1
402_1_1330_3,27,26,14:30:54,14:30:54,,,,,,42.026,1
402_1_1530_4,1,200,15:30:00,15:30:00,,,,,,0.042,1
402_1_1530_4,2,202,15:35:00,15:35:00,,,,,,1.928,1
402_1_1530_4,3,173,15:37:54,15:37:54,,,,,,10.452,1
402_1_1530_4,4,174,15:39:54,15:39:54,,,,,,11.886,1
402_1_1530_4,5,175,15:41:54,15:41:54,,,,,,12.505,1
402_1_1530_4,6,193,15:43:54,15:43:54,,,,,,13.575,1
402_1_1530_4,7,194,15:45:54,15:45:54,,,,,,14.434,1
402_1_1530_4,8,195,15:47:54,15:47:54,,,,,,15.254,1
402_1_1530_4,9,196,15:49:54,15:49:54,,,,,,16.098,1
402_1_1530_4,10,197,15:50:54,15:50:54,,,,,,16.7,1
402_1_1530_4,11,189,15:52:14,15:52:14,,,,,,18.394,1
402_1_1530_4,12,190,15:53:34,15:53:34,,,,,,19.218,1
402_1_1530_4,13,191,15:54:54,15:54:54,,,,,,20.053,1
402_1_1530_4,14,192,15:56:14,15:56:14,,,,,,21.102,1
402_1_1530_4,15,198,15:57:34,15:57:34,,,,,,21.923,1
402_1_1530_4,16,176,15:58:54,15:58:54,,,,,,22.8,1
402_1_1530_4,17,177,16:00:14,16:00:14,,,,,,23.416,1
402_1_1530_4,18,178,16:00:54,16:00:54,,,,,,24.656,1
402_1_1530_4,19,383,16:02:44,16:02:44,,,,,,26.317,1
402_1_1530_4,20,384,16:04:34,16:04:34,,,,,,27.144,1
402_1_1530_4,21,385,16:06:24,16:06:24,,,,,,28.204,1
402_1_1530_4,22,386,16:08:14,16:08:14,,,,,,29.873,1
402_1_1530_4,23,387,16:10:04,16:10:04,,,,,,30.722,1
402_1_1530_4,24,409,16:10:54,16:10:54,,,,,,31.333,1
402_1_1530_4,25,388,16:15:54,16:15:54,,,,,,34.397,1
402_1_1530_4,26,315,16:22:54,16:22:54,,,,,,38.965,1
402_1_1530_4,27,26,16:30:54,16:30:54,,,,,,42.026,1
402_1_1730_5,1,200,17:30:00,17:30:00,,,,,,0.042,1
402_1_1730_5,2,202,17:35:00,17:35:00,,,,,,1.928,1
402_1_1730_5,3,173,17:37:54,17:37:54,,,,,,10.452,1
402_1_1730_5,4,174,17:39:54,17:39:54,,,,,,11.886,1
402_1_1730_5,5,175,17:41:54,17:41:54,,,,,,12.505,1
402_1_1730_5,6,193,17:43:54,17:43:54,,,,,,13.575,1
402_1_1730_5,7,194,17:45:54,17:45:54,,,,,,14.434,1
402_1_1730_5,8,195,17:47:54,17:47:54,,,,,,15.254,1
402_1_1730_5,9,196,17:49:54,17:49:54,,,,,,16.098,1
402_1_1730_5,10,197,17:50:54,17:50:54,,,,,,16.7,1
402_1_1730_5,11,189,17:52:14,17:52:14,,,,,,18.394,1
402_1_1730_5,12,190,17:53:34,17:53:34,,,,,,19.218,1
402_1_1730_5,13,191,17:54:54,17:54:54,,,,,,20.053,1
402_1_1730_5,14,192,17:56:14,17:56:14,,,,,,21.102,1
402_1_1730_5,15,198,17:57:34,17:57:34,,,,,,21.923,1
402_1_1730_5,16,176,17:58:54,17:58:54,,,,,,22.8,1
402_1_1730_5,17,177,18:00:14,18:00:14,,,,,,23.416,1
402_1_1730_5,18,178,18:00:54,18:00:54,,,,,,24.656,1
402_1_1730_5,19,383,18:02:44,18:02:44,,,,,,26.317,1
402_1_1730_5,20,384,18:04:34,18:04:34,,,,,,27.144,1
402_1_1730_5,21,385,18:06:24,18:06:24,,,,,,28.204,1
402_1_1730_5,22,386,18:08:14,18:08:14,,,,,,29.873,1
402_1_1730_5,23,387,18:10:04,18:10:04,,,,,,30.722,1
402_1_1730_5,24,409,18:10:54,18:10:54,,,,,,31.333,1
402_1_1730_5,25,388,18:15:54,18:15:54,,,,,,34.397,1
402_1_1730_5,26,315,18:22:54,18:22:54,,,,,,38.965,1
402_1_1730_5,27,26,18:30:54,18:30:54,,,,,,42.026,1
402_1_1930_6,1,200,19:30:00,19:30:00,,,,,,0.042,1
402_1_1930_6,2,202,19:35:00,19:35:00,,,,,,1.928,1
402_1_1930_6,3,173,19:37:54,19:37:54,,,,,,10.452,1
402_1_1930_6,4,174,19:39:54,19:39:54,,,,,,11.886,1
402_1_1930_6,5,175,19:41:54,19:41:54,,,,,,12.505,1
402_1_1930_6,6,193,19:43:54,19:43:54,,,,,,13.575,1
402_1_1930_6,7,194,19:45:54,19:45:54,,,,,,14.434,1
402_1_1930_6,8,195,19:47:54,19:47:54,,,,,,15.254,1
402_1_1930_6,9,196,19:49:54,19:49:54,,,,,,16.098,1
402_1_1930_6,10,197,19:50:54,19:50:54,,,,,,16.7,1
402_1_1930_6,11,189,19:52:14,19:52:14,,,,,,18.394,1
402_1_1930_6,12,190,19:53:34,19:53:34,,,,,,19.218,1
402_1_1930_6,13,191,19:54:54,19:54:54,,,,,,20.053,1
402_1_1930_6,14,192,19:56:14,19:56:14,,,,,,21.102,1
402_1_1930_6,15,198,19:57:34,19:57:34,,,,,,21.923,1
402_1_1930_6,16,176,19:58:54,19:58:54,,,,,,22.8,1
402_1_1930_6,17,177,20:00:14,20:00:14,,,,,,23.416,1
402_1_1930_6,18,178,20:00:54,20:00:54,,,,,,24.656,1
402_1_1930_6,19,383,20:02:44,20:02:44,,,,,,26.317,1
402_1_1930_6,20,384,20:04:34,20:04:34,,,,,,27.144,1
402_1_1930_6,21,385,20:06:24,20:06:24,,,,,,28.204,1
402_1_1930_6,22,386,20:08:14,20:08:14,,,,,,29.873,1
402_1_1930_6,23,387,20:10:04,20:10:04,,,,,,30.722,1
402_1_1930_6,24,409,20:10:54,20:10:54,,,,,,31.333,1
402_1_1930_6,25,388,20:15:54,20:15:54,,,,,,34.397,1
402_1_1930_6,26,315,20:22:54,20:22:54,,,,,,38.965,1
402_1_1930_6,27,26,20:30:54,20:30:54,,,,,,42.026,1
403_0_0900_1,1,26,09:00:00,09:00:00,,,,,,0,1
403_0_0900_1,2,403,09:10:00,09:10:00,,,,,,7.26,1
403_0_0900_1,3,317,09:19:00,09:19:00,,,,,,17.031,1
403_0_0900_1,4,13,09:20:00,09:20:00,,,,,,18.21,1
403_0_0900_1,5,404,09:29:00,09:29:00,,,,,,24.193,1
403_0_0900_1,6,405,09:34:00,09:34:00,,,,,,26.914,1
403_0_0900_1,7,15,09:41:12,09:41:12,,,,,,34.034,0
403_0_0900_1,8,406,09:45:00,09:45:00,,,,,,37.801,1
403_0_1100_2,1,26,11:00:00,11:00:00,,,,,,0,1
403_0_1100_2,2,403,11:10:00,11:10:00,,,,,,7.26,1
403_0_1100_2,3,317,11:19:00,11:19:00,,,,,,17.031,1
403_0_1100_2,4,13,11:20:00,11:20:00,,,,,,18.21,1
403_0_1100_2,5,404,11:29:00,11:29:00,,,,,,24.193,1
403_0_1100_2,6,405,11:34:00,11:34:00,,,,,,26.914,1
403_0_1100_2,7,15,11:41:12,11:41:12,,,,,,34.034,0
403_0_1100_2,8,406,11:45:00,11:45:00,,,,,,37.801,1
403_0_1300_3,1,26,13:00:00,13:00:00,,,,,,0,1
403_0_1300_3,2,403,13:10:00,13:10:00,,,,,,7.26,1
403_0_1300_3,3,317,13:19:00,13:19:00,,,,,,17.031,1
403_0_1300_3,4,13,13:20:00,13:20:00,,,,,,18.21,1
403_0_1300_3,5,404,13:29:00,13:29:00,,,,,,24.193,1
403_0_1300_3,6,405,13:34:00,13:34:00,,,,,,26.914,1
403_0_1300_3,7,15,13:41:12,13:41:12,,,,,,34.034,0
403_0_1300_3,8,406,13:45:00,13:45:00,,,,,,37.801,1
403_0_1500_4,1,26,15:00:00,15:00:00,,,,,,0,1
403_0_1500_4,2,403,15:10:00,15:10:00,,,,,,7.26,1
403_0_1500_4,3,317,15:19:00,15:19:00,,,,,,17.031,1
403_0_1500_4,4,13,15:20:00,15:20:00,,,,,,18.21,1
403_0_1500_4,5,404,15:29:00,15:29:00,,,,,,24.193,1
403_0_1500_4,6,405,15:34:00,15:34:00,,,,,,26.914,1
403_0_1500_4,7,15,15:41:12,15:41:12,,,,,,34.034,0
403_0_1500_4,8,406,15:45:00,15:45:00,,,,,,37.801,1
403_0_1710_5,1,26,17:10:00,17:10:00,,,,,,0,1
403_0_1710_5,2,403,17:20:00,17:20:00,,,,,,7.26,1
403_0_1710_5,3,317,17:29:00,17:29:00,,,,,,17.031,1
403_0_1710_5,4,13,17:30:00,17:30:00,,,,,,18.21,1
403_0_1710_5,5,404,17:39:00,17:39:00,,,,,,24.193,1
403_0_1710_5,6,405,17:44:00,17:44:00,,,,,,26.914,1
403_0_1710_5,7,15,17:51:12,17:51:12,,,,,,34.034,0
403_0_1710_5,8,406,17:55:00,17:55:00,,,,,,37.801,1
403_1_0945_1,1,406,09:45:00,09:45:00,,0,0,,,0,1
403_1_0945_1,2,22,09:49:53,09:49:53,,0,0,,,5122.019213433395,0
403_1_0945_1,3,407,10:05:00,10:05:00,,0,0,,,20970.310248293386,1
403_1_0945_1,4,408,10:27:00,10:27:00,,0,0,,,40340.246082699596,1
403_1_0945_1,5,24,10:37:00,10:37:00,,0,0,,,52613.73132893347,1
403_1_0945_1,6,315,10:38:00,10:38:00,,0,0,,,53793.740420126094,1
403_1_0945_1,7,25,10:44:38,10:44:38,,0,0,,,56626.076549307036,1
403_1_0945_1,8,26,10:45:00,10:45:00,,0,0,,,56777.519659812504,1
403_1_1145_2,1,406,11:45:00,11:45:00,,0,0,,,0,1
403_1_1145_2,2,22,11:49:53,11:49:53,,0,0,,,5122.019213433395,0
403_1_1145_2,3,407,12:05:00,12:05:00,,0,0,,,20970.310248293386,1
403_1_1145_2,4,408,12:27:00,12:27:00,,0,0,,,40340.246082699596,1
403_1_1145_2,5,24,12:37:00,12:37:00,,0,0,,,52613.73132893347,1
403_1_1145_2,6,315,12:38:00,12:38:00,,0,0,,,53793.740420126094,1
403_1_1145_2,7,25,12:44:38,12:44:38,,0,0,,,56626.076549307036,1
403_1_1145_2,8,26,12:45:00,12:45:00,,0,0,,,56777.519659812504,1
403_1_1345_3,1,406,13:45:00,13:45:00,,0,0,,,0,1
403_1_1345_3,2,22,13:49:53,13:49:53,,0,0,,,5122.019213433395,0
403_1_1345_3,3,407,14:05:00,14:05:00,,0,0,,,20970.310248293386,1
403_1_1345_3,4,408,14:27:00,14:27:00,,0,0,,,40340.246082699596,1
403_1_1345_3,5,24,14:37:00,14:37:00,,0,0,,,52613.73132893347,1
403_1_1345_3,6,315,14:38:00,14:38:00,,0,0,,,53793.740420126094,1
403_1_1345_3,7,25,14:44:38,14:44:38,,0,0,,,56626.076549307036,1
403_1_1345_3,8,26,14:45:00,14:45:00,,0,0,,,56777.519659812504,1
403_1_1545_4,1,406,15:45:00,15:45:00,,0,0,,,0,1
403_1_1545_4,2,22,15:49:53,15:49:53,,0,0,,,5122.019213433395,0
403_1_1545_4,3,407,16:05:00,16:05:00,,0,0,,,20970.310248293386,1
403_1_1545_4,4,408,16:27:00,16:27:00,,0,0,,,40340.246082699596,1
403_1_1545_4,5,24,16:37:00,16:37:00,,0,0,,,52613.73132893347,1
403_1_1545_4,6,315,16:38:00,16:38:00,,0,0,,,53793.740420126094,1
403_1_1545_4,7,25,16:44:38,16:44:38,,0,0,,,56626.076549307036,1
403_1_1545_4,8,26,16:45:00,16:45:00,,0,0,,,56777.519659812504,1
403_1_1745_5,1,406,17:45:00,17:45:00,,0,0,,,0,1
403_1_1745_5,2,22,17:49:53,17:49:53,,0,0,,,5122.019213433395,0
403_1_1745_5,3,407,18:05:00,18:05:00,,0,0,,,20970.310248293386,1
403_1_1745_5,4,408,18:27:00,18:27:00,,0,0,,,40340.246082699596,1
403_1_1745_5,5,24,18:37:00,18:37:00,,0,0,,,52613.73132893347,1
403_1_1745_5,6,315,18:38:00,18:38:00,,0,0,,,53793.740420126094,1
403_1_1745_5,7,25,18:44:38,18:44:38,,0,0,,,56626.076549307036,1
403_1_1745_5,8,26,18:45:00,18:45:00,,0,0,,,56777.519659812504,1
